Workbook

Sheet 갑지
A1: 견 적 서
A3: TO : 이응석, 상희정 고객님 | F3: =TODAY() -> 46081
A5: 工事名(PROJECT) : | C5: 푸르지오 월드마크 아파트 인테리어 공사
A7: 金 額(AMOUNT) : | C7: 一일금 | D7: =NUMBERSTRING(D8,1)&"원정-부가세 별도" -> 삼십팔만오천육백육십칠원정-부가세 별도
C8: ( | D8: =' 갑지-1'!L26 -> 385667.01 | E8: )
A10: 貴社의 사양에 依하여 下記內容과 같이 見積합니다.
A13: ◈ 비 고 (REMARK)
A14: 1. | B14: 부가세 별도
A15: 2. | B15: 견적외 별도
A16: 3.
A17: 4.
A18: 5.
A19: 6.
A20: 7.
G21: M.O.A.C
G22: 경기 수원시 영통구 이의동 1221, 3층
G277: 0 | M277: 지급자재
U329: 은경
U334: 세면볼
U335: 악세사리
U336: 듀스

Sheet  갑지-1
A1: PROJECT: 푸르지오 월드마크 아파트 인테리어 공사
A3: TO : 이응석, 상희정 고객님
A4: No | B4: Description | C4: Size | D4: Spec. | E4: Unit | F4: Q'ty | G4: Material | I4: Labour | K4: Total | M4: Remark
G5: Unit Price | H5: Amount | I5: Unit Price | J5: Amount | K5: Unit Price | L5: Amount
A6: * | B6: 이응석, 상희정 고객님
A7: A. | B7: 재료비 | E7: 식 | F7: 1 | H7: =상세!P49-상세!H49 -> 248000 | J7: 0 | L7: =H7 -> 248000
A8: B. | B8: 노무비 | E8: 식 | F8: 1 | H8: 0 | J8: =상세!R49-상세!J49 -> 65000 | L8: =J8 -> 65000
B10: 직접공사비 계 | H10: =상세!H8 -> 487000 | J10: =상세!J8 -> 140000 | L10: =L8+L7 -> 313000
A12: * | B12: 산재 보험료 | C12: 노무비*3.56% | E12: 0.0356 | F12: 1 | L12: =J10*E12 -> 4984
A13: * | B13: 고용 보험료 | C13: 노무비*1.01% | E13: 0.0101 | F13: 1 | L13: =J10*E13 -> 1414
A14: * | B14: 국민건강 보험료 | C14: 노무비*3.545% | E14: 0.03545 | F14: 1 | L14: =J10*E14 -> 4963
A15: * | B15: 국민연금 보험료 | C15: 노무비*4.5% | E15: 0.045 | F15: 1 | L15: =J10*E15 -> 6300
A16: * | B16: 노인 장기 요양 보험료 | C16: 건강보혐료*12.95% | E16: 0.1295 | F16: 1 | L16: =L14*E16 -> 642.7085
A17: * | B17: 안전관리비 | C17: 직접공사비*3.11% | E17: 0.0311 | F17: 1 | L17: =L10*E17 -> 9734.3
A18: * | B18: 기타경비 | E18: 0.02 | F18: 1 | L18: =L10*E18 -> 6260
A19: * | B19: 공과잡비 | E19: 0.04 | F19: 1 | L19: =L10*E19 -> 12520
A20: * | B20: 기업이윤 | E20: 0.1 | F20: 1 | L20: =L10*E20 -> 31300
B22: 간접공사비 계 | L22: =SUM(L12:L21) -> 78118.008
K23: 절사 | L23: 5451
B26: 공사비 계 | L26: =L10+L22-L23 -> 385667.01 | M26: VAT 별도
A32: * | B32: 참고사항
A33: - | B33: 부가세 별도
A34: - | B34: 견적 외 별도
O48: =112686983*0.25 -> 28171746
G277: 0 | M277: 지급자재
U329: 은경
U334: 세면볼
U335: 악세사리
U336: 듀스

Sheet 상세
A1: PROJECT: 푸르지오 월드마크 아파트 인테리어 공사
A2: No | B2: Description | C2: Product & Size | D2: Location & Spec. | E2: Unit | F2: Q'ty | G2: Material | I2: Labour | K2: Total | N2: Q'ty | O2: Material | Q2: Labour | S2: Total | U2: 증가 | V2: 감소 | W2: Remark
G3: Unit Price | H3: Amount | I3: Unit Price | J3: Amount | K3: Unit Price | L3: Amount | O3: Unit Price | P3: Amount | Q3: Unit Price | R3: Amount | S3: Unit Price | T3: Amount
A5: * | B5: 이응석, 상희정 고객님
A6: B. | B6: =B10 -> 인테리어 공사 | E6: 식 | F6: 1 | H6: =H14 -> 487000 | J6: =J14 -> 140000 | L6: =L14 -> 627000 | N6: 1 | P6: =P14 -> 735000 | R6: =R14 -> 205000 | T6: =T14 -> 940000 | U6: =T6-L6 -> 313000 | V6: 0
B8: 직접공사비 계 | H8: =H6 -> 487000 | J8: =J6 -> 140000 | L8: =L6 -> 627000 | P8: =P6 -> 735000 | R8: =R6 -> 205000 | T8: =T6 -> 940000 | U8: =T8-L8 -> 313000 | V8: 0
A10: B. | B10: 인테리어 공사
A11: 1. | B11: =B17 -> 가구 공사 | E11: 식 | F11: 1 | H11: =H29 -> 288000 | J11: =J29 -> 90000 | L11: =L29 -> 378000 | N11: 1 | P11: =P29 -> 436000 | R11: =R29 -> 155000 | T11: =T29 -> 591000 | U11: =T11-L11 -> 213000 | V11: 0
A12: 2. | B12: =B32 -> 화장실 공사 | E12: 식 | F12: 1 | H12: =H39 -> 199000 | J12: =J39 -> 50000 | L12: =L39 -> 249000 | N12: 1 | P12: =P39 -> 299000 | R12: =R39 -> 50000 | T12: =T39 -> 349000 | U12: =T12-L12 -> 100000 | V12: 0
A13: 3. | B13: =B42 -> 목공사 | E13: 식 | F13: 1 | H13: =H46 -> 0 | J13: =J46 -> 0 | L13: =L46 -> 0 | N13: 1 | P13: =P46 -> 0 | R13: =R46 -> 0 | T13: =T46 -> 0 | V13: =T13-L13 -> 0
B14: 소 계 | H14: =SUM(H11:H13) -> 487000 | J14: =SUM(J11:J13) -> 140000 | L14: =SUM(L11:L13) -> 627000 | P14: =SUM(P11:P13) -> 735000 | R14: =SUM(R11:R13) -> 205000 | T14: =SUM(T11:T13) -> 940000 | U14: =SUM(U11:U13) -> 313000 | V14: =SUM(V11:V13) -> 0 | W14: =U14+V14 -> 313000
A17: 1. | B17: 가구 공사
A18: -1 | B18: 현관
A19: - | B19: 신발장 (도어 교체 => 가구 교체) | D19: 현관 | E19: EA | F19: 2 | G19: 0 | H19: =F19*G19 -> 0 | I19: 0 | J19: =F19*I19 -> 0 | K19: =G19+I19 -> 0 | L19: =F19*K19 -> 0 | N19: 2 | O19: 0 | P19: =N19*O19 -> 0 | Q19: 0 | R19: =N19*Q19 -> 0 | S19: =O19+Q19 -> 0 | T19: =N19*S19 -> 0 | U19: 0 | V19: =T19-L19 -> 0
A20: - | B20: 신발장 브론즈경 도어 | D20: 현관 | E20: EA | F20: 2 | G20: 0 | H20: =F20*G20 -> 0 | I20: 0 | J20: =F20*I20 -> 0 | K20: =G20+I20 -> 0 | L20: =F20*K20 -> 0 | N20: 2 | O20: 0 | P20: =N20*O20 -> 0 | Q20: 0 | R20: =N20*Q20 -> 0 | S20: =O20+Q20 -> 0 | T20: =N20*S20 -> 0 | U20: =T20-L20 -> 0 | V20: 0
A22: -2 | B22: 주방
A23: - | B23: 냉장고 장 | C23: 플랩장 | D23: 주방 | E23: M | F23: 1.8 | G23: 160000 | H23: =F23*G23 -> 288000 | I23: 50000 | J23: =F23*I23 -> 90000 | K23: =G23+I23 -> 210000 | L23: =F23*K23 -> 378000 | N23: 1.1 | O23: 160000 | P23: =N23*O23 -> 176000 | Q23: 50000 | R23: =N23*Q23 -> 55000 | S23: =O23+Q23 -> 210000 | T23: =N23*S23 -> 231000 | U23: 0 | V23: =T23-L23 -> -147000
A24: - | B24: 냉장고 장 | C24: 풀빌트인 냉장고장 | D24: 주방 | E24: 자 | F24: 0 | G24: 130000 | H24: =F24*G24 -> 0 | I24: 50000 | J24: =F24*I24 -> 0 | K24: =G24+I24 -> 180000 | L24: =F24*K24 -> 0 | N24: 2 | O24: 130000 | P24: =N24*O24 -> 260000 | Q24: 50000 | R24: =N24*Q24 -> 100000 | S24: =O24+Q24 -> 180000 | T24: =N24*S24 -> 360000 | U24: =T24-L24 -> 360000 | V24: 0
A26: 하드웨어 | B26: 경첩 및 서랍 등 하드웨어 | E26: EA | F26: 1 | G26: 0 | H26: =F26*G26 -> 0 | I26: 0 | J26: =F26*I26 -> 0 | K26: =G26+I26 -> 0 | L26: =F26*K26 -> 0 | N26: 하드웨어 | O26: 경첩 및 서랍 등 하드웨어 | R26: EA | S26: 1 | T26: 0
B27: ㄴ 팬트리 및 밥솥 레일, 서랍,선반,블룸 등 스펙에 따라 변동 (견적미포함) | O27: ㄴ 팬트리 및 밥솥 레일, 서랍,선반,블룸 등 스펙에 따라 변동 (견적미포함)
B29: SUB-TOTAL | H29: =SUM(H19:H27) -> 288000 | J29: =SUM(J19:J27) -> 90000 | L29: =SUM(L19:L27) -> 378000 | P29: =SUM(P19:P27) -> 436000 | R29: =SUM(R19:R27) -> 155000 | T29: =SUM(T19:T27) -> 591000 | U29: =SUM(U19:U28) -> 360000 | V29: =SUM(V19:V28) -> -147000 | W29: =U29+V29 -> 213000
A32: 2. | B32: 화장실 공사
A33: -1 | B33: 거실화장실
A34: - | B34: 탑볼 세면대 | C34: 유로스타일 500 => 베네치아 | D34: 거실 화장실 | E34: EA | F34: 1 | G34: 199000 | H34: =F34*G34 -> 199000 | I34: 50000 | J34: =F34*I34 -> 50000 | K34: =G34+I34 -> 249000 | L34: =F34*K34 -> 249000 | N34: 1 | O34: 299000 | P34: =N34*O34 -> 299000 | Q34: 50000 | R34: =N34*Q34 -> 50000 | S34: =O34+Q34 -> 349000 | T34: =N34*S34 -> 349000 | U34: =T34-L34 -> 100000 | V34: 0
A36: -2 | B36: 안방화장실
A37: - | B37: 파티션 도어 | C37: 샤워부스, 양변기 | D37: 안방 화장실 | E37: SET | F37: 2 | G37: 170000 | H37: =F37*G37 -> 340000 | I37: 50000 | J37: =F37*I37 -> 100000 | K37: =G37+I37 -> 220000 | L37: =F37*K37 -> 440000 | N37: 2 | O37: 0 | P37: =N37*O37 -> 0 | Q37: 50000 | R37: =N37*Q37 -> 100000 | S37: =O37+Q37 -> 50000 | T37: =N37*S37 -> 100000
B39: SUB-TOTAL | H39: =SUM(H33:H34) -> 199000 | J39: =SUM(J33:J34) -> 50000 | L39: =SUM(L33:L34) -> 249000 | P39: =SUM(P33:P34) -> 299000 | R39: =SUM(R33:R34) -> 50000 | T39: =SUM(T33:T34) -> 349000 | U39: =SUM(U34:U38) -> 100000 | V39: =SUM(V34:V38) -> 0 | W39: =U39+V39 -> 100000
Z41: 타공 | AA41: 55000 | AB41: 2 | AC41: =AA41*AB41 -> 110000
A42: 3. | B42: 목공사 | Z42: 타공+가공 | AA42: 75000 | AB42: 2 | AC42: =AA42*AB42*1.1 -> 165000
A43: -1 | B43: 기타 목 공사 | Z43: 운반비 | AA43: 90000 | AB43: 1 | AC43: =AA43*AB43*1.1 -> 99000
A44: - | B44: 중문공사 | C44: 디자인 및 자재 스펙에 따른 변동 | D44: 주방 | E44: 식 | F44: 1 | G44: 1200000 | H44: =F44*G44 -> 1200000 | I44: 200000 | J44: =F44*I44 -> 200000 | K44: =G44+I44 -> 1400000 | L44: =F44*K44 -> 1400000 | N44: 1 | O44: 1200000 | P44: =N44*O44 -> 1200000 | Q44: 200000 | R44: =N44*Q44 -> 200000 | S44: =O44+Q44 -> 1400000 | T44: =N44*S44 -> 1400000 | U44: =T44-L44 -> 0 | V44: =T44-L44 -> 0
B46: SUB-TOTAL | H46: =SUM(H43:H43) -> 0 | J46: =SUM(J43:J43) -> 0 | L46: =SUM(L43:L43) -> 0 | P46: =SUM(P43:P43) -> 0 | R46: =SUM(R43:R43) -> 0 | T46: =SUM(T43:T43) -> 0 | U46: =SUM(U43:U45) -> 0 | V46: =SUM(V44:V45) -> 0 | W46: =U46+V46 -> 0
B49: TOTAL | H49: =H29+H39+H46 -> 487000 | J49: =+J29+J39+J46 -> 140000 | L49: =J49+H49 -> 627000 | P49: =P29+P39+P46 -> 735000 | R49: =R29+R39+R46 -> 205000 | T49: =R49+P49 -> 940000 | U49: =U29+U39+U46 -> 460000 | V49: =+V29+V39+V46 -> -147000 | W49: =W29+W39+W46 -> 313000
