Workbook

Sheet 갑지
A1: 견 적 서
A3: TO : | F3: =TODAY() -> 45511
A5: 工事名(PROJECT) :
A7: 金 額(AMOUNT) : | C7: 一일금 | D7: =NUMBERSTRING(D8,1)&"원정-부가세 별도" -> 일억일천팔백사십팔만원정-부가세 별도
C8: ( | D8: =' 갑지-1'!L22 -> 118480000 | E8: )
A10: 貴社의 사양에 衣하여 下記內容과 같이 見積합니다.
A13: ◈ 비 고 (REMARK)
A14: 1. | B14: 부가세 별도
A15: 2. | B15: 견적외 별도
A16: 3.
A17: 4.
A18: 5.
A19: 6.
A20: 7.
G21: MOHAE DESIGN
G22: 경기 용인시 수지구 신봉동 242-28
G23: Tel : 031-272-2724

Sheet  갑지-1
A1: PROJECT: 김은경 고객님 가견적_필름
A3: TO :
A4: No | B4: Description | C4: Size | D4: Spec. | E4: Unit | F4: Q'ty | G4: Material | I4: Labour | K4: Total | M4: Remark
G5: Unit Price | H5: Amount | I5: Unit Price | J5: Amount | K5: Unit Price | L5: Amount
A6: *
A7: A. | B7: 인테리어 공사 | E7: 식 | F7: 1 | H7: ='117동 204호'!H40 -> 49232500 | J7: ='117동 204호'!J40 -> 42152800 | L7: ='117동 204호'!L40 -> 91425300
A8: B. | B8: 가설 공사 | E8: 식 | F8: 1 | H8: ='117동 204호'!H26 -> 3000000 | J8: ='117동 204호'!J26 -> 680000 | L8: ='117동 204호'!L26 -> 3680000
B10: 직접공사비 계 | H10: ='117동 204호'!H10 -> 52232500 | J10: ='117동 204호'!J10 -> 42832800 | L10: ='117동 204호'!L10 -> 95105300
A12: * | B12: 디자인 컨설팅 | E12: 0.05 | F12: 1 | L12: =L10*E12 -> 4755265
A13: * | B13: 감리 | E13: 0.03 | F13: 1 | L13: =L10*E13 -> 2853159
A14: * | B14: 공과잡비 | E14: 0.04 | F14: 1 | L14: =L10*E14 -> 3804212
A15: * | B15: 기업이윤 | E15: 0.1 | F15: 1 | L15: =L10*E15 -> 9510530
A16: * | B16: 고용 산재 보험 | E16: 0.03 | F16: 1 | L16: =L10*E16 -> 2853159
B19: 간접공사비 계 | L19: =SUM(L12:L18) -> 23776325
K21: 절사 | L21: 401625
B22: 공사비 계 | L22: =L10+L19+L20-L21 -> 118480000 | M22: VAT 별도
A28: * | B28: 참고사항
A29: - | B29: 부가세 별도
A30: - | B30: 견적 외 별도

Sheet 117동 204호
A1: PROJECT:
A2: No | B2: Description | C2: Product & Size | D2: Location & Spec. | E2: Unit | F2: Q'ty | G2: Material | I2: Labour | K2: Total | M2: Remark
G3: Unit Price | H3: Amount | I3: Unit Price | J3: Amount | K3: Unit Price | L3: Amount | O3: 물량 산출
A6: *
A7: A. | B7: =B12 -> 가설공사 | E7: 식 | F7: 1 | H7: =H26 -> 3000000 | J7: =J26 -> 680000 | L7: =L26 -> 3680000
A8: B. | B8: =B28 -> 인테리어 공사 | E8: 식 | F8: 1 | H8: =H40 -> 49232500 | J8: =J40 -> 42152800 | L8: =L40 -> 91425300
B10: 직접공사비 계 | H10: =SUM(H7:H9) -> 52232500 | J10: =SUM(J7:J9) -> 42832800 | L10: =SUM(L7:L9) -> 95105300
A12: A. | B12: 가설공사 | C12: v
A13: 직영 | B13: 현장보양 및 현장 정리 | E13: M2 | F13: 0 | G13: 2000 | H13: =F13*G13 -> 0 | I13: 8000 | J13: =F13*I13 -> 0 | K13: =G13+I13 -> 10000 | L13: =F13*K13 -> 0
A14: 직영 | B14: 소운반 | E14: 인 | F14: 4 | G14: 0 | H14: =F14*G14 -> 0 | I14: 170000 | J14: =F14*I14 -> 680000 | K14: =G14+I14 -> 170000 | L14: =F14*K14 -> 680000
A15: 사다리차 | B15: 대운반 | C15: 5TON | E15: 대 | F15: 0 | G15: 400000 | H15: =F15*G15 -> 0 | I15: 0 | J15: =F15*I15 -> 0 | K15: =G15+I15 -> 400000 | L15: =F15*K15 -> 0
A16: 허가 | B16: 공사동의서 및 행위허가 | D16: 소견서 2장추가 | E16: 식 | F16: 1 | G16: 650000 | H16: =F16*G16 -> 650000 | I16: 0 | J16: =F16*I16 -> 0 | K16: =G16+I16 -> 650000 | L16: =F16*K16 -> 650000
A17: 가설 | B17: 엘리베이터 보양 | D17: 동선보양 | E17: 개소 | F17: 1 | G17: 350000 | H17: =F17*G17 -> 350000 | I17: 0 | J17: =F17*I17 -> 0 | K17: =G17+I17 -> 350000 | L17: =F17*K17 -> 350000
A18: 가설 | B18: 엘리베이터 사용료 | C18: 관리사무소 고객 직접 납부 | E18: 식 | F18: 0 | G18: 0 | H18: =F18*G18 -> 0 | I18: 0 | J18: =F18*I18 -> 0 | K18: =G18+I18 -> 0 | L18: =F18*K18 -> 0
A19: 도어락 | B19: 디지털 도어락 | C19: 별도 | E19: M2 | F19: 0 | G19: 0 | H19: =F19*G19 -> 0 | I19: 0 | J19: =F19*I19 -> 0 | K19: =G19+I19 -> 0 | L19: =F19*K19 -> 0
A20: 인터폰 | B20: 인터폰 | C20: 별도 | E20: M2
A21: 에어컨 | B21: 에어컨 | C21: 별도 | E21: 식 | F21: 0 | G21: 0 | H21: =F21*G21 -> 0 | I21: 0 | J21: =F21*I21 -> 0 | K21: =G21+I21 -> 0 | L21: =F21*K21 -> 0
A22: 환기 | B22: 전열교환기 | C22: 별도 | E22: 식 | F22: 0 | G22: 0 | H22: =F22*G22 -> 0 | I22: 0 | J22: =F22*I22 -> 0 | K22: =G22+I22 -> 0 | L22: =F22*K22 -> 0 | O22: =(155*0.05) -> 7.75
A23: 폐기물 | B23: 페기물 반출 | C23: 1TON | E23: 대 | F23: 4 | G23: 500000 | H23: =F23*G23 -> 2000000 | I23: 0 | J23: =F23*I23 -> 0 | K23: =G23+I23 -> 500000 | L23: =F23*K23 -> 2000000 | N23: 10평에 1.1대
A24: 입주청소 | B24: 입주청소 | C24: 모해디자인 진행 사항 | D24: 서비스 품목 | E24: PY | F24: 42 | G24: 3000 | H24: =F24*G24 -> 126000 | I24: 15000 | J24: =F24*I24 -> 630000 | K24: =G24+I24 -> 18000 | L24: =F24*K24 -> 756000 | M24: 모해 서비스 진행
B26: 소 계 | H26: =SUM(H13:H23) -> 3000000 | J26: =SUM(J13:J23) -> 680000 | L26: =SUM(L13:L23) -> 3680000
A28: B. | B28: 인테리어 공사
A29: 1. | B29: =B43 -> 철거 / 설비 공사 | E29: 식 | F29: 1 | H29: =H59 -> 3570200 | J29: =J59 -> 8422300 | L29: =L59 -> 11992500 | O29: =H29+J29 -> 11992500
A30: 2. | B30: =B61 -> 필름 공사 | E30: 식 | F30: 1 | H30: =H70 -> 2156300 | J30: =J70 -> 3303000 | L30: =L70 -> 5459300 | O30: =H30+J30 -> 5459300
A31: 3. | B31: =B72 -> 가구 공사 | E31: 식 | F31: 1 | H31: =H108 -> 13644000 | J31: =J108 -> 3210000 | L31: =L108 -> 16854000 | O31: =H31+J31 -> 16854000
A32: 4. | B32: =B110 -> 전기 공사 | E32: 식 | F32: 1 | H32: =H125 -> 4211000 | J32: =J125 -> 4010000 | L32: =L125 -> 8221000 | O32: =H32+J32 -> 8221000
A33: 5. | B33: =B127 -> 화장실 공사 | E33: 식 | F33: 1 | H33: =H163 -> 4958000 | J33: =J163 -> 2790000 | L33: =L163 -> 7788000 | O33: =H33+J33 -> 7748000
A34: 6. | B34: =B165 -> 타일 공사 | E34: 식 | F34: 1 | H34: =H200 -> 2832000 | J34: =J200 -> 4115000 | L34: =L200 -> 6947000 | O34: =H34+J34 -> 6947000
A35: 9. | B35: =B202 -> 도배 공사 | E35: 식 | F35: 1 | H35: =H211 -> 1655500 | J35: =J211 -> 2580000 | L35: =L211 -> 4235500 | O35: =H35+J35 -> 4235500
A36: 10. | B36: =B213 -> 도장 공사 | E36: 식 | F36: 1 | H36: =H221 -> 910000 | J36: =J221 -> 1140000 | L36: =L221 -> 2050000 | O36: =H36+J36 -> 2050000
A37: 11. | B37: =B223 -> 마루 공사 | E37: 식 | F37: 1 | H37: =H231 -> 4305000 | J37: =J231 -> 875000 | L37: =L231 -> 5180000 | O37: =H37+J37 -> 5180000
A38: 12. | B38: =B233 -> 목공사 | E38: 식 | F38: 1 | H38: =H286 -> 10990500 | J38: =J286 -> 11707500 | L38: =L286 -> 22698000 | O38: =H38+J38 -> 22698000
B40: 소 계 | H40: =SUM(H29:H39) -> 49232500 | J40: =SUM(J29:J39) -> 42152800 | L40: =SUM(L29:L39) -> 91425300
A43: 1. | B43: 철거 / 설비 공사 | C43: v
A44: 철거 | B44: 마루 철거 | C44: 거실, 방 전체 | E44: PY | F44: 29 | G44: 8800 | H44: =F44*G44 -> 255200 | I44: 18700 | J44: =F44*I44 -> 542300 | K44: =G44+I44 -> 27500 | L44: =F44*K44 -> 797500
A45: 철거 | B45: 타일 철거 | C45: 현관 | E45: PY | F45: 3 | G45: 15000 | H45: =F45*G45 -> 45000 | I45: 70000 | J45: =F45*I45 -> 210000 | K45: =G45+I45 -> 85000 | L45: =F45*K45 -> 255000
A46: 철거 | B46: 화장실 철거 | C46: 전체 철거 | E46: 식 | F46: 2 | G46: 0 | H46: =F46*G46 -> 0 | I46: 650000 | J46: =F46*I46 -> 1300000 | K46: =G46+I46 -> 650000 | L46: =F46*K46 -> 1300000
A47: 철거 | B47: 본 철거 | E47: M2 | F47: 140 | G47: 8000 | H47: =F47*G47 -> 1120000 | I47: 18000 | J47: =F47*I47 -> 2520000 | K47: =G47+I47 -> 26000 | L47: =F47*K47 -> 3640000
A48: 철거 | B48: 가스관 철거 | E48: 식 | F48: 1 | H48: =F48*G48 -> 0 | I48: 200000 | J48: =F48*I48 -> 200000 | K48: =G48+I48 -> 200000 | L48: =F48*K48 -> 200000
A49: 설비 | B49: 확장 공사 | E49: EA | F49: 4 | G49: 300000 | H49: =F49*G49 -> 1200000 | I49: 500000 | J49: =F49*I49 -> 2000000 | K49: =G49+I49 -> 800000 | L49: =F49*K49 -> 3200000
A50: 설비 | B50: 배관 이설 공사 | C50: 급 / 배수 배관이설 | D50: 화장실 배관 이설 | E50: 식 | F50: 2 | G50: 100000 | H50: =F50*G50 -> 200000 | I50: 250000 | J50: =F50*I50 -> 500000 | K50: =G50+I50 -> 350000 | L50: =F50*K50 -> 700000
A51: 설비 | B51: 배관 이설 공사 | C51: 급 / 배수 배관이설 | D51: 주방 아일랜드 | E51: 식 | F51: 0 | G51: 250000 | H51: =F51*G51 -> 0 | I51: 250000 | J51: =F51*I51 -> 0 | K51: =G51+I51 -> 500000 | L51: =F51*K51 -> 0
A52: 설비 | B52: 배관 이설 공사 | C52: 급 / 배수 배관이설 | D52: 런드리룸 | E52: 식 | F52: 1 | G52: 250000 | H52: =F52*G52 -> 250000 | I52: 350000 | J52: =F52*I52 -> 350000 | K52: =G52+I52 -> 600000 | L52: =F52*K52 -> 600000
A53: 설비 | B53: 화장실 방수 공사 | C53: 액체방수 공사 | D53: 화장실 하단 방수 | E53: EA | F53: 2 | G53: 100000 | H53: =F53*G53 -> 200000 | I53: 250000 | J53: =F53*I53 -> 500000 | K53: =G53+I53 -> 350000 | L53: =F53*K53 -> 700000
A54: 설비 | B54: 화장실 방수 공사 | C54: 아덱스 도막방수제 2회 | D54: 화장실 하단 방수 | E54: EA | F54: 2 | G54: 150000 | H54: =F54*G54 -> 300000 | I54: 150000 | J54: =F54*I54 -> 300000 | K54: =G54+I54 -> 300000 | L54: =F54*K54 -> 600000
A55: 설비 | B55: 수평 몰탈 공사 | C55: 아일랜드 / 벽체주위 / 현관철거부 | D55: 부분시공 | E55: M2 | F55: 0 | G55: 65000 | H55: =F55*G55 -> 0 | I55: 35000 | J55: =F55*I55 -> 0 | K55: =G55+I55 -> 100000 | L55: =F55*K55 -> 0 | M55: SERVICE
A56: 설비 | B56: 보일러 이설 | C56: 보일러 급수/환수 이설 /기기이설 | D56: 보일러 이설 | E56: EA | F56: 1 | G56: 350000 | H56: =F56*G56 -> 350000 | I56: 250000 | J56: =F56*I56 -> 250000 | K56: =G56+I56 -> 600000 | L56: =F56*K56 -> 600000
A57: 철거 | B57: 거실 천장 철거 | C57: 전체 천장 철거 | D57: 천장철거 | E57: M2 | F57: 50 | G57: 5000 | H57: =F57*G57 -> 250000 | I57: 15000 | J57: =F57*I57 -> 750000 | K57: =G57+I57 -> 20000 | L57: =F57*K57 -> 1000000
B58: 온도조절기 공사 | C58: 별도 | E58: EA | F58: 0 | G58: 80000 | H58: =F58*G58 -> 0 | I58: 30000 | J58: =F58*I58 -> 0 | K58: =G58+I58 -> 110000 | L58: =F58*K58 -> 0
B59: SUB-TOTAL | H59: =SUM(H44:H54) -> 3570200 | J59: =SUM(J44:J54) -> 8422300 | L59: =SUM(L44:L54) -> 11992500
A61: 2. | B61: 필름 공사 | C61: v | Q61: 샷
A62: -1 | B62: 필름 공사 | Q62: =(2.8*6+2.4*10)+(1.9*4+2.4*10)+(1.8*4+2.4*6)+(1.6*10+1.2*10)+(1*4+1.2*6) -> 133.2
A63: - | B63: 현관문 | C63: 현관문 | E63: 식 | F63: 1 | G63: 50000 | H63: =F63*G63 -> 50000 | I63: 150000 | J63: =F63*I63 -> 150000 | K63: =G63+I63 -> 200000 | L63: =F63*K63 -> 200000
A64: - | B64: PL창호 | E64: M | F64: 0 | G64: 2200 | H64: =F64*G64 -> 0 | I64: 6600 | J64: =F64*I64 -> 0 | K64: =G64+I64 -> 8800 | L64: =F64*K64 -> 0
A65: - | B65: 걸레받이 | C65: 거실, 각 방 | E65: M | F65: 94 | G65: 2200 | H65: =F65*G65 -> 206800 | I65: 4500 | J65: =F65*I65 -> 423000 | K65: =G65+I65 -> 6700 | L65: =F65*K65 -> 629800 | O65: 방둘레 | P65: 방둘레 80 + 거실걸레받이 30
A66: - | B66: 천장몰딩 | C66: 거실, 각 방 | E66: M | F66: 110 | G66: 2200 | H66: =F66*G66 -> 242000 | I66: 4500 | J66: =F66*I66 -> 495000 | K66: =G66+I66 -> 6700 | L66: =F66*K66 -> 737000 | O66: 방둘레 | P66: 방둘레 80 + 거실걸레받이 30
A67: - | B67: 도어 / 도어틀 | C67: 각 방 도어 9mm문선 | D67: 전체 | E67: M2 | F67: 75 | G67: 7700 | H67: =F67*G67 -> 577500 | I67: 12200 | J67: =F67*I67 -> 915000 | K67: =G67+I67 -> 19900 | L67: =F67*K67 -> 1492500 | O67: 문짝 | P67: 7
A68: - | B68: 알판 | D68: 공용부 | E68: M2 | F68: 80 | G68: 13500 | H68: =F68*G68 -> 1080000 | I68: 16500 | J68: =F68*I68 -> 1320000 | K68: =G68+I68 -> 30000 | L68: =F68*K68 -> 2400000 | O68: =(1.7+2.5+3.3+0.7+0.2+0.4+0.7+0.7+0.8)*2.4+(0.3*4.6) -> 27.78
B70: SUB-TOTAL | H70: =SUM(H63:H69) -> 2156300 | J70: =SUM(J63:J69) -> 3303000 | L70: =SUM(L63:L69) -> 5459300
A72: 3. | B72: 가구 공사
A73: -1 | B73: 주방가구 | O73: 디귿자 | P73: =2.6+2.6+3.4 -> 8.6
A74: - | B74: 주방 하부장 | C74: 메인 주방 | D74: 패트도어 | E74: M | F74: 3.5 | G74: 230000 | H74: =F74*G74 -> 805000 | I74: 50000 | J74: =F74*I74 -> 175000 | K74: =G74+I74 -> 280000 | L74: =F74*K74 -> 980000
A75: - | B75: 주방 하부장 | C75: 홈펜트리 | D75: 패트도어 | E75: M | F75: 5.5 | G75: 230000 | H75: =F75*G75 -> 1265000 | I75: 50000 | J75: =F75*I75 -> 275000 | K75: =G75+I75 -> 280000 | L75: =F75*K75 -> 1540000
A76: - | B76: 주방 상부장 | C76: 홈펜트리 | D76: 패트도어 | E76: M | F76: 1 | G76: 230000 | H76: =F76*G76 -> 230000 | I76: 50000 | J76: =F76*I76 -> 50000 | K76: =G76+I76 -> 280000 | L76: =F76*K76 -> 280000
A77: - | B77: 주방 상부장 | C77: 홈펜트리 | D77: 유리도어 / 간접등 | E77: 식 | F77: 1 | G77: 1500000 | H77: =F77*G77 -> 1500000 | I77: 250000 | J77: =F77*I77 -> 250000 | K77: =G77+I77 -> 1750000 | L77: =F77*K77 -> 1750000
A78: - | B78: 상판자재 | C78: 세라믹 / 보조주방 / 미드웨이 | E78: EA | F78: 2 | G78: 1700000 | H78: =F78*G78 -> 3400000 | I78: 300000 | J78: =F78*I78 -> 600000 | K78: =G78+I78 -> 2000000 | L78: =F78*K78 -> 4000000
A79: - | B79: 싱크 수전 | C79: 씨트리 9022NB | E79: SET | F79: 1 | G79: 180000 | H79: =F79*G79 -> 180000 | I79: 50000 | J79: =F79*I79 -> 50000 | K79: =G79+I79 -> 230000 | L79: =F79*K79 -> 230000
A80: - | B80: 싱크볼 | C80: SQSR 780 / 스텐거름망 | E80: SET | F80: 1 | G80: 310000 | H80: =F80*G80 -> 310000 | I80: 50000 | J80: =F80*I80 -> 50000 | K80: =G80+I80 -> 360000 | L80: =F80*K80 -> 360000
A81: - | B81: 싱크대 후드 | E81: SET | F81: 0 | G81: 500000 | H81: =F81*G81 -> 0 | I81: 50000 | J81: =F81*I81 -> 0 | K81: =G81+I81 -> 550000 | L81: =F81*K81 -> 0
A82: - | B82: 하부 서랍장 | C82: 서랍장 블룸 하드웨어 | D82: 인티보 | E82: SET | F82: 1 | G82: 250000 | H82: =F82*G82 -> 250000 | I82: 50000 | J82: =F82*I82 -> 50000 | K82: =G82+I82 -> 300000 | L82: =F82*K82 -> 300000
A83: -1 | B83: 안방 가구
A84: - | B84: 붙박이 장 | D84: 패트도어 | E84: 자 | G84: 120000 | H84: =F84*G84 -> 0 | I84: 30000 | J84: =F84*I84 -> 0 | K84: =G84+I84 -> 150000 | L84: =F84*K84 -> 0 | O84: =40/3 -> 13.333333
A85: - | B85: 붙박이 장 EP | C85: 좌우측면 | D85: 패트도어 | E85: 식 | G85: 60000 | H85: =F85*G85 -> 0 | I85: 20000 | J85: =F85*I85 -> 0 | K85: =G85+I85 -> 80000 | L85: =F85*K85 -> 0
A88: -1 | B88: 주방가구
A89: - | B89: 냉장고 장 EP | C89: 좌우측면 | D89: 패트도어 | E89: 식 | F89: 1 | G89: 130000 | H89: =F88*G89 -> 0 | I89: 20000 | J89: =F88*I89 -> 0 | K89: =G89+I89 -> 150000 | L89: =F88*K89 -> 0
A90: - | B90: 냉장고 장 EP | C90: 플랩장 | D90: 패트도어 | E90: 식 | F90: 1 | G90: 150000 | H90: =F90*G90 -> 150000 | I90: 20000 | J90: =F90*I90 -> 20000 | K90: =G90+I90 -> 170000 | L90: =F90*K90 -> 170000
A91: - | B91: 홈바 상부장 | D91: 패트도어 | E91: M | F91: 0 | G91: 230000 | H91: =F91*G91 -> 0 | I91: 50000 | J91: =F91*I91 -> 0 | K91: =G91+I91 -> 280000 | L91: =F91*K91 -> 0
A92: - | B92: 홈바 인조대리석 | C92: 상판, 미드웨어 | E92: M | F92: 0 | G92: 225000 | H92: =F92*G92 -> 0 | I92: 33000 | J92: =F92*I92 -> 0 | K92: =G92+I92 -> 258000 | L92: =F92*K92 -> 0
A93: - | B93: 홈바 장 EP | C93: 좌우측면 | D93: 패트도어 | E93: 식 | F93: 0 | G93: 60000 | H93: =F93*G93 -> 0 | I93: 20000 | J93: =F93*I93 -> 0 | K93: =G93+I93 -> 80000 | L93: =F93*K93 -> 0
A94: - | B94: 붙박이 장 | C94: 냉장고 키큰장 | E94: 자 | F94: 8 | G94: 130000 | H94: =F94*G94 -> 1040000 | I94: 30000 | J94: =F94*I94 -> 240000 | K94: =G94+I94 -> 160000 | L94: =F94*K94 -> 1280000 | O94: =(39+26)/3 -> 21.666667
A96: -1 | B96: 방 붙박이장
A97: - | B97: 붙박이장 | C97: 런더리룸 | D97: 패트도어 | E97: 자 | F97: 15 | G97: 120000 | H97: =F97*G97 -> 1800000 | I97: 30000 | J97: =F97*I97 -> 450000 | K97: =G97+I97 -> 150000 | L97: =F97*K97 -> 2250000
A98: - | B98: 런더리 하부장 | C98: 런더리룸 | D98: 패트도어 | E98: M | F98: 1.8 | G98: 230000 | H98: =F98*G98 -> 414000 | I98: 50000 | J98: =F98*I98 -> 90000 | K98: =G98+I98 -> 280000 | L98: =F98*K98 -> 504000
A99: - | B99: 런더리 세탁장 | C99: 런더리룸 / 세탁장 | D99: 패트도어 | E99: EA | F99: 1 | G99: 350000 | H99: =F99*G99 -> 350000 | I99: 50000 | J99: =F99*I99 -> 50000 | K99: =G99+I99 -> 400000 | L99: =F99*K99 -> 400000
A100: - | B100: 붙박이장 | C100: 침실2 자녀방 | D100: 패트도어 | E100: 자 | F100: 6 | G100: 120000 | H100: =F100*G100 -> 720000 | I100: 30000 | J100: =F100*I100 -> 180000 | K100: =G100+I100 -> 150000 | L100: =F100*K100 -> 900000
A102: -1 | B102: 기타 장
A103: - | B103: 행잉신발장 | C103: 현관 신발장 | D103: 현관 | E103: 자 | F103: 6 | G103: 130000 | H103: =F103*G103 -> 780000 | I103: 30000 | J103: =F103*I103 -> 180000 | K103: =G103+I103 -> 160000 | L103: =F103*K103 -> 960000 | O103: =(39+26)/3 -> 21.666667
A104: - | B104: 화장대 | C104: 런더리룸 | D104: 패트도어 | E104: 식 | F104: 1 | G104: 450000 | H104: =F104*G104 -> 450000 | I104: 50000 | J104: =F104*I104 -> 50000 | K104: =G104+I104 -> 500000 | L104: =F104*K104 -> 500000
A105: - | B105: 시스템선반 | C105: 알파룸 | D105: 시스템선반 | E105: 자 | F105: 0 | G105: 35000 | H105: =F105*G105 -> 0 | I105: 10000 | J105: =F105*I105 -> 0 | K105: =G105+I105 -> 45000 | L105: =F105*K105 -> 0
A106: - | B106: 상판 사다리차 | C106: 원판 자재 반입 | D106: 4.5T | E106: 식 | F106: 1 | G106: 0 | H106: =F106*G106 -> 0 | I106: 450000 | J106: =F106*I106 -> 450000 | K106: =G106+I106 -> 450000 | L106: =F106*K106 -> 450000
B108: SUB-TOTAL | H108: =SUM(H74:H107) -> 13644000 | J108: =SUM(J74:J107) -> 3210000 | L108: =SUM(L74:L107) -> 16854000
A110: 4. | B110: 전기 공사 | C110: v
A111: -1 | B111: 조명 및 전열
A112: - | B112: 거실, 방 조명 | C112: 2,3인치 매립등, 스팟 조명 | E112: EA | F112: 65 | G112: 5000 | H112: =F112*G112 -> 325000 | I112: 8000 | J112: =F112*I112 -> 520000 | K112: =G112+I112 -> 13000 | L112: =F112*K112 -> 845000 | O112: =(3+6+22+6+6+2+3) -> 48 | P112: =13+8+6 -> 27
A113: - | B113: 라인조명 | C113: SMPS 포함 /마그네틱 | E113: M | F113: 4 | G113: 55000 | H113: =F113*G113 -> 220000 | I113: 15000 | J113: =F113*I113 -> 60000 | K113: =G113+I113 -> 70000 | L113: =F113*K113 -> 280000 | O113: =(1.4+1.1+3.3+4.4+2.6+1.2+1.3+1) -> 16.3
A114: - | B114: 간접 조명 | C114: LED BAR, SMPS 포함 | E114: M | F114: 35 | G114: 22000 | H114: =F114*G114 -> 770000 | I114: 20000 | J114: =F114*I114 -> 700000 | K114: =G114+I114 -> 42000 | L114: =F114*K114 -> 1470000 | O114: =(1.4+1.1+3.3+4.4+2.6+1.2+1.3+1) -> 16.3
A115: - | B115: 스위치 콘센트 시공 | C115: 인쇼 / 방 국산 | E115: 식 | F115: 1 | G115: 900000 | H115: =F115*G115 -> 900000 | I115: 500000 | J115: =F115*I115 -> 500000 | K115: =G115+I115 -> 1400000 | L115: =F115*K115 -> 1400000 | O115: =16+1.8+1.6+8.6+1.5+1.3+1.7 -> 32.5 | P115: =1.7+2.8+1.7+5.5+1+1 -> 13.7
A116: - | B116: 발코니 조명 | E116: EA | F116: 1 | G116: 15000 | H116: =F116*G116 -> 15000 | I116: 10000 | J116: =F116*I116 -> 10000 | K116: =G116+I116 -> 25000 | L116: =F116*K116 -> 25000
A117: - | B117: 현관 조명 | C117: 2인치 매립등 | E117: EA | F117: 2 | G117: 5000 | H117: =F117*G117 -> 10000 | I117: 10000 | J117: =F117*I117 -> 20000 | K117: =G117+I117 -> 15000 | L117: =F117*K117 -> 30000
A118: - | B118: 매립 센서 | C118: 현관히든센서 | E118: EA | F118: 1 | G118: 55000 | H118: =F118*G118 -> 55000 | I118: 50000 | J118: =F118*I118 -> 50000 | K118: =G118+I118 -> 105000 | L118: =F118*K118 -> 105000
...
