Workbook

Sheet 갑지
A1: 견 적 서
A3: TO : 정혜경 고객님 | F3: =TODAY() -> 45973
A5: 工事名(PROJECT) : | C5: 진산마을 삼성레미안 5단지 인테리어 공사
A7: 金 額(AMOUNT) : | C7: 一일금 | D7: =NUMBERSTRING(D8,1)&"원정-부가세 별도" -> 일억팔천육백칠만삼천사백구십오원정-부가세 별도
C8: ( | D8: =' 갑지-1'!L26 -> 1.8607349e+08 | E8: )
A10: 貴社의 사양에 依하여 下記內容과 같이 見積합니다.
A13: ◈ 비 고 (REMARK)
A14: 1. | B14: 부가세 별도
A15: 2. | B15: 견적외 별도
A16: 3.
A17: 4.
A18: 5.
A19: 6.
A20: 7.
G21: MOHAE DESIGN
G22: 경기 용인시 수지구 신봉동 242-28
G23: Tel : 031-272-2724

Sheet  갑지-1
A1: PROJECT: 진산마을 삼성레미안 5단지 인테리어 공사
A4: No | B4: Description | C4: Size | D4: Spec. | E4: Unit | F4: Q'ty | G4: Material | I4: Labour | K4: Total | M4: Remark
G5: Unit Price | H5: Amount | I5: Unit Price | J5: Amount | K5: Unit Price | L5: Amount
A6: * | B6: 정혜경 고객님
A7: A. | B7: 재료비 | E7: 식 | F7: 1 | H7: =상세!H10 -> 93413611 | J7: 0 | L7: =H7 -> 93413611
A8: B. | B8: 노무비 | E8: 식 | F8: 1 | H8: 0 | J8: =상세!J10 -> 56594217 | L8: =J8 -> 56594217
B10: 직접공사비 계 | H10: =상세!H10 -> 93413611 | J10: =상세!J10 -> 56594217 | L10: =L8+L7 -> 1.5000783e+08
A12: * | B12: 산재 보험료 | C12: 노무비*3.56% | E12: 0.0356 | F12: 1 | L12: =J10*E12 -> 2014754.1
A13: * | B13: 고용 보험료 | C13: 노무비*1.01% | E13: 0.0101 | F13: 1 | L13: =J10*E13 -> 571601.59
A14: * | B14: 국민건강 보험료 | C14: 노무비*3.545% | E14: 0.03545 | F14: 1 | L14: =J10*E14 -> 2006265
A15: * | B15: 국민연금 보험료 | C15: 노무비*4.5% | E15: 0.045 | F15: 1 | L15: =J10*E15 -> 2546739.7
A16: * | B16: 노인 장기 요양 보험료 | C16: 건강보혐료*12.95% | E16: 0.1295 | F16: 1 | L16: =L14*E16 -> 259811.31
A17: * | B17: 안전관리비 | C17: 직접공사비*3.11% | E17: 0.0311 | F17: 1 | L17: =L10*E17 -> 4665243.4
A18: * | B18: 기타경비 | E18: 0.02 | L18: =L10*E18 -> 3000156.5
A19: * | B19: 공과잡비 | E19: 0.04 | F19: 1 | L19: =L10*E19 -> 6000313.1
A20: * | B20: 기업이윤 | E20: 0.1 | F20: 1 | L20: =L10*E20 -> 15000783
B23: 간접공사비 계 | L23: =SUM(L12:L22) -> 36065668
K25: 절사
B26: 공사비 계 | L26: =L10+L23+L24-L25 -> 1.8607349e+08 | M26: VAT 별도
A32: * | B32: 참고사항
A33: - | B33: 부가세 별도
A34: - | B34: 견적 외 별도

Sheet 상세
A1: PROJECT: 진산마을 삼성레미안 5단지 인테리어 공사
A2: No | B2: Description | C2: Product & Size | D2: Location & Spec. | E2: Unit | F2: Q'ty | G2: Material | I2: Labour | K2: Total | M2: Remark
G3: Unit Price | H3: Amount | I3: Unit Price | J3: Amount | K3: Unit Price | L3: Amount
A6: * | B6: 정혜경 고객님
A7: A. | B7: =B12 -> 가설공사 | E7: 식 | F7: 1 | H7: =H28 -> 12182000 | J7: =J28 -> 2528000 | L7: =L28 -> 14710000
A8: B. | B8: =B30 -> 인테리어 공사 | E8: 식 | F8: 1 | H8: =H41 -> 81231611 | J8: =J41 -> 54066217 | L8: =L41 -> 1.3529783e+08
B10: 직접공사비 계 | H10: =SUM(H7:H9) -> 93413611 | J10: =SUM(J7:J9) -> 56594217 | L10: =SUM(L7:L9) -> 1.5000783e+08
A12: A. | B12: 가설공사
A13: 직영 | B13: 현장보양 및 현장 정리 | E13: M2 | F13: 166 | G13: 2000 | H13: =F13*G13 -> 332000 | I13: 8000 | J13: =F13*I13 -> 1328000 | K13: =G13+I13 -> 10000 | L13: =F13*K13 -> 1660000
A14: 직영 | B14: 소운반 | E14: 인 | F14: 5 | G14: 0 | H14: =F14*G14 -> 0 | I14: 170000 | J14: =F14*I14 -> 850000 | K14: =G14+I14 -> 170000 | L14: =F14*K14 -> 850000
A15: 직영 | B15: 대운반 | C15: 자재 양중 | E15: 대 | F15: 1 | G15: 0 | H15: =F15*G15 -> 0 | I15: 350000 | J15: =F15*I15 -> 350000 | K15: =G15+I15 -> 350000 | L15: =F15*K15 -> 350000
A16: 허가 | B16: 공사동의서 및 행위허가 | C16: 행위허가 | E16: 식 | F16: 1 | G16: 350000 | H16: =F16*G16 -> 350000 | I16: 0 | J16: =F16*I16 -> 0 | K16: =G16+I16 -> 350000 | L16: =F16*K16 -> 350000
A17: 가설 | B17: 엘리베이터 및 공용부 보양 | E17: 개소 | F17: 1 | G17: 200000 | H17: =F17*G17 -> 200000 | I17: 0 | J17: =F17*I17 -> 0 | K17: =G17+I17 -> 200000 | L17: =F17*K17 -> 200000
A18: 에어컨 | B18: 에어컨 | C18: 별도 / LG 시스템에어컨 5대 | E18: 식 | F18: 1 | G18: 0 | H18: =F18*G18 -> 0 | I18: 0 | J18: =F18*I18 -> 0 | K18: =G18+I18 -> 0 | L18: =F18*K18 -> 0
A19: 창호 | B19: 샷시 | C19: 별도 / KCC | E19: 식 | F19: 1 | G19: 0 | H19: =F19*G19 -> 0 | I19: 0 | J19: =F19*I19 -> 0 | K19: =G19+I19 -> 0 | L19: =F19*K19 -> 0
A20: 난방 | B20: 난방배관 교체 | C20: 홈파기 / 분배기 교체 포함 | E20: 식 | F20: 1 | G20: 7300000 | H20: =F20*G20 -> 7300000 | I20: 0 | J20: =F20*I20 -> 0 | K20: =G20+I20 -> 7300000 | L20: =F20*K20 -> 7300000
A21: 보일러 | B21: 개별 보일러 | C21: 경동보일러 / 별도 | E21: 식 | F21: 0
A22: 난방 | B22: 난방배관 교체 | C22: 지역난방 / 분배기 가지관 교체 | E22: 식 | F22: 1 | G22: 1500000 | H22: =F22*G22 -> 1500000 | I22: 0 | J22: =F22*I22 -> 0 | K22: =G22+I22 -> 1500000 | L22: =F22*K22 -> 1500000
A23: 인터폰 | B23: 비디오폰 및 도어락 | C23: 제품 미정 | E23: 식 | F23: 0 | G23: 0 | H23: =F23*G23 -> 0 | I23: 300000 | J23: =F23*I23 -> 0 | K23: =G23+I23 -> 300000 | L23: =F23*K23 -> 0
A24: 환기 | B24: 전열교환기 | C24: 별도 | E24: 식 | F24: 0 | G24: 0 | H24: =F24*G24 -> 0 | I24: 0 | J24: =F24*I24 -> 0 | K24: =G24+I24 -> 0 | L24: =F24*K24 -> 0
A25: 폐기물 | B25: 페기물 반출 | C25: 1TON | E25: 대 | F25: 5 | G25: 500000 | H25: =F25*G25 -> 2500000 | I25: 0 | J25: =F25*I25 -> 0 | K25: =G25+I25 -> 500000 | L25: =F25*K25 -> 2500000
A26: 입주청소 | B26: 입주청소 | C26: 모해디자인 진행 사항 | D26: 서비스 품목 | E26: PY | F26: =F13/3.3 -> 50.30303 | G26: 3000 | H26: =F26*G26 -> 150909.09 | I26: 15000 | J26: =F26*I26 -> 754545.45 | K26: =G26+I26 -> 18000 | L26: =F26*K26 -> 905454.55 | M26: 모해 서비스 진행
B28: 소 계 | H28: =SUM(H13:H25) -> 12182000 | J28: =SUM(J13:J25) -> 2528000 | L28: =SUM(L13:L25) -> 14710000
A30: B. | B30: 인테리어 공사
A31: 1. | B31: =B44 -> 철거 / 설비 공사 | E31: 식 | F31: 1 | H31: =H74 -> 7879454.5 | J31: =J74 -> 13852455 | L31: =L74 -> 21731909
A32: 2. | B32: =B76 -> 필름 공사 | E32: 식 | F32: 1 | H32: =H89 -> 1327050 | J32: =J89 -> 2499450 | L32: =L89 -> 3826500
A33: 3. | B33: =B91 -> 가구 공사 | E33: 식 | F33: 1 | H33: =H183 -> 22570000 | J33: =J183 -> 6106000 | L33: =L183 -> 28676000
A34: 4. | B34: =B185 -> 전기 공사 | E34: 식 | F34: 1 | H34: =H270 -> 5891100 | J34: =J270 -> 4069000 | L34: =L270 -> 9960100
A35: 5. | B35: =B272 -> 화장실 공사 | E35: 식 | F35: 1 | H35: =H322 -> 7698000 | J35: =J322 -> 2340000 | L35: =L322 -> 10038000
A36: 6. | B36: =B324 -> 타일 공사 | E36: 식 | F36: 1 | H36: =H343 -> 3983360 | J36: =J343 -> 5904000 | L36: =L343 -> 9887360
A37: 9. | B37: =B345 -> 도배 공사 | E37: 식 | F37: 1 | H37: =H356 -> 3380280 | J37: =J356 -> 3187200 | L37: =L356 -> 6567480
A38: 10. | B38: =B358 -> 도장 공사 | E38: 식 | F38: 1 | H38: =H363 -> 755000 | J38: =J363 -> 920000 | L38: =L363 -> 1675000
A39: 11. | B39: =B365 -> 마루 공사 | E39: 식 | F39: 1 | H39: =H370 -> 13381818 | J39: =J370 -> 0 | L39: =L370 -> 13381818
A40: 12. | B40: =B372 -> 목공사 | E40: 식 | F40: 1 | H40: =H406 -> 14365548 | J40: =J406 -> 15188112 | L40: =L406 -> 29553660
B41: 소 계 | H41: =SUM(H31:H40) -> 81231611 | J41: =SUM(J31:J40) -> 54066217 | L41: =SUM(L31:L40) -> 1.3529783e+08
A44: 1. | B44: 철거 / 설비 공사
A45: 철거 | B45: 마루 철거 | D45: 거실, 방 전체 | E45: PY | F45: =138/3.3 -> 41.818182 | G45: 3000 | H45: =F45*G45 -> 125454.55 | I45: 25000 | J45: =F45*I45 -> 1045454.5 | K45: =G45+I45 -> 28000 | L45: =F45*K45 -> 1170909.1
A46: 철거 | B46: 타일 철거 | D46: 현관 | E46: M2 | F46: 18 | G46: 15000 | H46: =F46*G46 -> 270000 | I46: 70000 | J46: =F46*I46 -> 1260000 | K46: =G46+I46 -> 85000 | L46: =F46*K46 -> 1530000
A47: 철거 | B47: 화장실 철거 | D47: 전체 철거 | E47: 식 | F47: 2 | G47: 0 | H47: =F47*G47 -> 0 | I47: 650000 | J47: =F47*I47 -> 1300000 | K47: =G47+I47 -> 650000 | L47: =F47*K47 -> 1300000
A48: 철거 | B48: 조적벽체 철거 | D48: 안방,거실 화장실 | E48: 식 | F48: 3 | G48: 20000 | H48: =F48*G48 -> 60000 | I48: 230000 | J48: =F48*I48 -> 690000 | K48: =G48+I48 -> 250000 | L48: =F48*K48 -> 750000
A49: 철거 | B49: 본 철거 | E49: M2 | F49: =F13 -> 166 | G49: 8000 | H49: =F49*G49 -> 1328000 | I49: 18000 | J49: =F49*I49 -> 2988000 | K49: =G49+I49 -> 26000 | L49: =F49*K49 -> 4316000
A50: 철거 | B50: 천장철거 | D50: 전체 철거 | E50: M2 | F50: 147 | G50: 8000 | H50: =F50*G50 -> 1176000 | I50: 7000 | J50: =F50*I50 -> 1029000 | K50: =G50+I50 -> 15000 | L50: =F50*K50 -> 2205000
A51: 철거 | B51: 천장철거 | D51: 공용부 | E51: M2 | F51: 0 | G51: 8000 | H51: =F51*G51 -> 0 | I51: 7000 | J51: =F51*I51 -> 0 | K51: =G51+I51 -> 15000 | L51: =F51*K51 -> 0 | M51: 철거시 이슈사항
A52: 철거 | B52: 가스관 철거 | E52: 식 | F52: 1 | H52: =F52*G52 -> 0 | I52: 200000 | J52: =F52*I52 -> 200000 | K52: =G52+I52 -> 200000 | L52: =F52*K52 -> 200000
A53: 설비 | B53: 우수관 부틸러버 | E53: 식 | F53: 0 | M53: 별도
A54: 설비 | B54: 확장 공사 | D54: 거실 | E54: EA | F54: 1 | G54: 500000 | H54: =F54*G54 -> 500000 | I54: 700000 | J54: =F54*I54 -> 700000 | K54: =G54+I54 -> 1200000 | L54: =F54*K54 -> 1200000
A55: 설비 | B55: 확장 공사 | D55: 주방,방 | E55: EA | F55: 3 | G55: 300000 | H55: =F55*G55 -> 900000 | I55: 500000 | J55: =F55*I55 -> 1500000 | K55: =G55+I55 -> 800000 | L55: =F55*K55 -> 2400000
A56: 설비 | B56: 확장 공사 | C56: 바닥면적 확장,조적 및 미장 | D56: 안방,거실 화장실 | E56: 식 | F56: 0 | G56: 50000 | H56: =F56*G56 -> 0 | I56: 250000 | J56: =F56*I56 -> 0 | K56: =G56+I56 -> 300000 | L56: =F56*K56 -> 0
A57: 설비 | B57: 배관 이설 공사 | C57: 급 / 배수 배관이설 | D57: 화장실 | E57: 식 | F57: 3 | G57: 100000 | H57: =F57*G57 -> 300000 | I57: 250000 | J57: =F57*I57 -> 750000 | K57: =G57+I57 -> 350000 | L57: =F57*K57 -> 1050000
A58: 설비 | B58: 배관 이설 공사 | C58: 급 / 배수 배관이설 | D58: 주방 | E58: 식 | F58: 2 | G58: 100000 | H58: =F58*G58 -> 200000 | I58: 250000 | J58: =F58*I58 -> 500000 | K58: =G58+I58 -> 350000 | L58: =F58*K58 -> 700000
A59: 설비 | B59: 분배기 이설 및 교체 | D59: 분배기 | E59: 식 | F59: 0 | G59: 1700000 | H59: =F59*G59 -> 0 | I59: 0 | J59: =F59*I59 -> 0 | K59: =G59+I59 -> 1700000 | L59: =F59*K59 -> 0
A60: 설비 | B60: 배관 이설 공사 | C60: 급 / 배수 배관이설 | D60: 런드리룸 | E60: 식 | F60: 2 | G60: 100000 | H60: =F60*G60 -> 200000 | I60: 250000 | J60: =F60*I60 -> 500000 | K60: =G60+I60 -> 350000 | L60: =F60*K60 -> 700000
A61: 보일러 | B61: 온도조절기 공사 | C61: 유럽형 제어기(제작) | D61: 분배기 | E61: EA | F61: 1 | G61: 110000 | H61: =F61*G61 -> 110000 | I61: 50000 | J61: =F61*I61 -> 50000 | K61: =G61+I61 -> 160000 | L61: =F61*K61 -> 160000
A62: 보일러 | B62: 온도조절기 공사 | C62: 허니웰 구동기 | D62: 분배기 | E62: EA | F62: 10 | G62: 35000 | H62: =F62*G62 -> 350000 | I62: 11000 | J62: =F62*I62 -> 110000 | K62: =G62+I62 -> 46000 | L62: =F62*K62 -> 460000
A63: 보일러 | B63: 온도조절기 공사 | C63: 허니웰 제어기 | D63: 분배기 | E63: EA | F63: 0 | G63: 120000 | H63: =F63*G63 -> 0 | I63: 30000 | J63: =F63*I63 -> 0 | K63: =G63+I63 -> 150000 | L63: =F63*K63 -> 0
A64: 보일러 | B64: 온도조절기 공사 | C64: 구글네스트 4세대 | D64: 공용부 | E64: EA | F64: 1 | G64: 370000 | H64: =F64*G64 -> 370000 | I64: 50000 | J64: =F64*I64 -> 50000 | K64: =G64+I64 -> 420000 | L64: =F64*K64 -> 420000
A65: 보일러 | B65: 온도조절기 공사 | C65: 융 온도조절기 | D65: 공용부 | E65: EA | F65: 0 | G65: 350000 | H65: =F65*G65 -> 0 | I65: 50000 | J65: =F65*I65 -> 0 | K65: =G65+I65 -> 400000 | L65: =F65*K65 -> 0
A66: 보일러 | B66: 온도조절기 공사 | C66: 허니웰 온도조절기 | D66: 각 방 | E66: EA | F66: 0 | G66: 70000 | H66: =F66*G66 -> 0 | I66: 20000 | J66: =F66*I66 -> 0 | K66: =G66+I66 -> 90000 | L66: =F66*K66 -> 0
A67: 보일러 | B67: 온도조절기 공사
A69: 보일러 | B69: 온도조절기 공사 | C69: 구글네스트 3세대 | D69: 각방 | E69: EA | F69: 4 | G69: 240000 | H69: =F69*G69 -> 960000 | I69: 50000 | J69: =F69*I69 -> 200000 | K69: =G69+I69 -> 290000 | L69: =F69*K69 -> 1160000
A70: 설비 | B70: 화장실 방수 공사 | C70: 액체방수 공사 | D70: 화장실 하단 방수 | E70: EA | F70: 2 | G70: 100000 | H70: =F70*G70 -> 200000 | I70: 250000 | J70: =F70*I70 -> 500000 | K70: =G70+I70 -> 350000 | L70: =F70*K70 -> 700000
A71: 설비 | B71: 화장실 방수 공사 | C71: 아덱스 도막방수제 2회 | D71: 화장실 하단 방수 | E71: EA | F71: 2 | G71: 240000 | H71: =F71*G71 -> 480000 | I71: 240000 | J71: =F71*I71 -> 480000 | K71: =G71+I71 -> 480000 | L71: =F71*K71 -> 960000
A72: 소방 | B72: 자동확산소화기 | E72: EA | F72: 1 | G72: 350000 | H72: =F72*G72 -> 350000 | I72: 0 | J72: =F72*I72 -> 0 | K72: =G72+I72 -> 350000 | L72: =F72*K72 -> 350000
B74: SUB-TOTAL | H74: =SUM(H45:H72) -> 7879454.5 | J74: =SUM(J45:J72) -> 13852455 | L74: =SUM(L45:L72) -> 21731909
A76: 2. | B76: 필름 공사
A77: -1 | B77: 필름 공사
A78: - | B78: 현관문 | C78: 영림 | D78: 현관 | E78: 식 | F78: 2 | G78: 50000 | H78: =F78*G78 -> 100000 | I78: 150000 | J78: =F78*I78 -> 300000 | K78: =G78+I78 -> 200000 | L78: =F78*K78 -> 400000
A79: - | B79: 현관 | C79: 영림발렌 | D79: 현관 | E79: M2 | F79: 0 | G79: 7800 | H79: =F79*G79 -> 0 | I79: 12200 | J79: =F79*I79 -> 0 | K79: =G79+I79 -> 20000 | L79: =F79*K79 -> 0
A80: - | B80: 걸레받이 | C80: 영림 | D80: 거실, 각 방 | E80: M | F80: 60 | G80: 3300 | H80: =F80*G80 -> 198000 | I80: 6600 | J80: =F80*I80 -> 396000 | K80: =G80+I80 -> 9900 | L80: =F80*K80 -> 594000
A81: - | B81: 도어 / 도어틀 | C81: 영림 | D81: 거실, 각 방 | E81: M2 | F81: 42 | G81: 8500 | H81: =F81*G81 -> 357000 | I81: 16500 | J81: =F81*I81 -> 693000 | K81: =G81+I81 -> 25000 | L81: =F81*K81 -> 1050000
A82: - | B82: 샷시 | C82: 영림 | D82: 방 | E82: M | F82: 0 | G82: 3300 | H82: =F82*G82 -> 0 | I82: 6600 | J82: =F82*I82 -> 0 | K82: =G82+I82 -> 9900 | L82: =F82*K82 -> 0
A83: - | B83: 천장 | C83: 영림 | D83: 방 | E83: M2 | F83: 3.8 | G83: 8500 | H83: =F83*G83 -> 32300 | I83: 16500 | J83: =F83*I83 -> 62700 | K83: =G83+I83 -> 25000 | L83: =F83*K83 -> 95000
A84: - | B84: 벽체 | C84: PNC44 | D84: 작업실, 드레스룸 | E84: M2 | F84: 0 | G84: 14000 | H84: =F84*G84 -> 0 | I84: 12200 | J84: =F84*I84 -> 0 | K84: =G84+I84 -> 26200 | L84: =F84*K84 -> 0
A85: - | B85: 벽체 및 선반 | C85: 영림 | D85: 현관, 거실, 방 | E85: M2 | F85: =15.2+3.8+2.3+6.6+18+17.6 -> 63.5 | G85: 8500 | H85: =F85*G85 -> 539750 | I85: 16500 | J85: =F85*I85 -> 1047750 | K85: =G85+I85 -> 25000 | L85: =F85*K85 -> 1587500
A86: - | B86: 침대 헤드 및 프레임 | C86: 한솔 메종 라이트 오크 | D86: 안 방 | E86: 식 | G86: =18000*15 -> 270000 | H86: =F86*G86 -> 0 | I86: 150000 | J86: =F86*I86 -> 0 | K86: =G86+I86 -> 420000 | L86: =F86*K86 -> 0
A87: - | B87: 부자재 | D87: 전체 | E87: 식 | F87: 1 | G87: 100000 | H87: =F87*G87 -> 100000 | I87: 0 | J87: 0 | K87: =G87+I87 -> 100000 | L87: =F87*K87 -> 100000
A88: - | B88: PL창호 | E88: M | F88: 0 | G88: 3300 | H88: =F88*G88 -> 0 | K88: =G88+I88 -> 3300 | L88: =F88*K88 -> 0 | M88: 고객 직접 결제
B89: SUB-TOTAL | H89: =SUM(H78:H88) -> 1327050 | J89: =SUM(J78:J88) -> 2499450 | L89: =SUM(L78:L88) -> 3826500
A91: 3. | B91: 가구 공사
A92: -1 | B92: 주방
A93: - | B93: 상판 자재 | C93: 세라믹 | D93: 주방 | E93: EA | F93: 2 | G93: 2100000 | H93: =F93*G93 -> 4200000 | I93: 500000 | J93: =F93*I93 -> 1000000 | K93: =G93+I93 -> 2600000 | L93: =F93*K93 -> 5200000
A95: - | B95: 냉장고 장 A | C95: 플랩장 | D95: 주방 | E95: M | F95: 1.8 | G95: 160000 | H95: =F95*G95 -> 288000 | I95: 50000 | J95: =F95*I95 -> 90000 | K95: =G95+I95 -> 210000 | L95: =F95*K95 -> 378000
A96: - | B96: 냉장고 장 EP | C96: 좌측 | D96: 주방 | E96: EA | F96: 1 | G96: 120000 | H96: =F96*G96 -> 120000 | I96: 20000 | J96: =F96*I96 -> 20000 | K96: =G96+I96 -> 140000 | L96: =F96*K96 -> 140000
A97: - | B97: 싱크대 상부장 | D97: 주방 | E97: M | F97: 1.7 | G97: 160000 | H97: =F97*G97 -> 272000 | I97: 50000 | J97: =F97*I97 -> 85000 | K97: =G97+I97 -> 210000 | L97: =F97*K97 -> 357000
A98: - | B98: 싱크대 하부장 | D98: 주방 | E98: M | F98: 1.7 | G98: 160000 | H98: =F98*G98 -> 272000 | I98: 50000 | J98: =F98*I98 -> 85000 | K98: =G98+I98 -> 210000 | L98: =F98*K98 -> 357000
A99: - | B99: 키큰장 | D99: 주방 | E99: 자 | F99: 2 | G99: 130000 | H99: =F99*G99 -> 260000 | I99: 50000 | J99: =F99*I99 -> 100000 | K99: =G99+I99 -> 180000 | L99: =F99*K99 -> 360000
A100: - | B100: 키큰장 EP | C100: 우측 | D100: 주방 | E100: EA | F100: 1 | G100: 120000 | H100: =F100*G100 -> 120000 | I100: 20000 | J100: =F100*I100 -> 20000 | K100: =G100+I100 -> 140000 | L100: =F100*K100 -> 140000
A101: - | B101: 가구 도어 | D101: 주방 | E101: EA | F101: 2 | G101: 140000 | H101: =F101*G101 -> 280000 | I101: 20000 | J101: =F101*I101 -> 40000 | K101: =G101+I101 -> 160000 | L101: =F101*K101 -> 320000
A102: - | B102: 키큰장 EP | C102: 좌측 | D102: 주방 | E102: EA | F102: 1 | G102: 120000 | H102: =F102*G102 -> 120000 | I102: 20000 | J102: =F102*I102 -> 20000 | K102: =G102+I102 -> 140000 | L102: =F102*K102 -> 140000
A103: - | B103: 키큰장 | D103: 주방 | E103: 자 | F103: 2 | G103: 130000 | H103: =F103*G103 -> 260000 | I103: 50000 | J103: =F103*I103 -> 100000 | K103: =G103+I103 -> 180000 | L103: =F103*K103 -> 360000
A104: - | B104: 오픈장 | C104: 좌측 | D104: 주방 | E104: 자 | F104: 1 | G104: 240000 | H104: =F104*G104 -> 240000 | I104: 50000 | J104: =F104*I104 -> 50000 | K104: =G104+I104 -> 290000 | L104: =F104*K104 -> 290000
A105: - | B105: 오픈장 | C105: 우측 | D105: 주방 | E105: 자 | F105: 1 | G105: 240000 | H105: =F105*G105 -> 240000 | I105: 50000 | J105: =F105*I105 -> 50000 | K105: =G105+I105 -> 290000 | L105: =F105*K105 -> 290000
A106: - | B106: 상부장 | D106: 주방 | E106: M | F106: 1.2 | G106: 160000 | H106: =F106*G106 -> 192000 | I106: 50000 | J106: =F106*I106 -> 60000 | K106: =G106+I106 -> 210000 | L106: =F106*K106 -> 252000
A107: - | B107: 하부장 | D107: 주방 | E107: M | F107: 1.2 | G107: 160000 | H107: =F107*G107 -> 192000 | I107: 50000 | J107: =F107*I107 -> 60000 | K107: =G107+I107 -> 210000 | L107: =F107*K107 -> 252000
A108: - | B108: 하부장 EP | C108: 상판 | D108: 주방 | E108: EA | F108: 1 | G108: 120000 | H108: =F108*G108 -> 120000 | I108: 20000 | J108: =F108*I108 -> 20000 | K108: =G108+I108 -> 140000 | L108: =F108*K108 -> 140000
A109: - | B109: 상부장 | D109: 주방 | E109: M | F109: 2.1 | G109: 160000 | H109: =F109*G109 -> 336000 | I109: 50000 | J109: =F109*I109 -> 105000 | K109: =G109+I109 -> 210000 | L109: =F109*K109 -> 441000
A110: - | B110: 하부장 | D110: 주방 | E110: M | F110: 2.1 | G110: 160000 | H110: =F110*G110 -> 336000 | I110: 50000 | J110: =F110*I110 -> 105000 | K110: =G110+I110 -> 210000 | L110: =F110*K110 -> 441000
A111: - | B111: 상,하부장 EP | C111: 좌,우측 | D111: 주방 | E111: EA | F111: 2 | G111: 120000 | H111: =F111*G111 -> 240000 | I111: 20000 | J111: =F111*I111 -> 40000 | K111: =G111+I111 -> 140000 | L111: =F111*K111 -> 280000
A112: - | B112: 키큰장 | D112: 주방 | E112: 자 | F112: 2 | G112: 130000 | H112: =F112*G112 -> 260000 | I112: 50000 | J112: =F112*I112 -> 100000 | K112: =G112+I112 -> 180000 | L112: =F112*K112 -> 360000
A113: - | B113: 가구 도어 | D113: 주방 | E113: EA | F113: 2 | G113: 140000 | H113: =F113*G113 -> 280000 | I113: 20000 | J113: =F113*I113 -> 40000 | K113: =G113+I113 -> 160000 | L113: =F113*K113 -> 320000
...
