Workbook

Sheet 갑지
A1: 견 적 서
A3: TO : 행당동 금호어울림 | F3: =TODAY() -> 46030
A5: 工事名(PROJECT) : | C5: 행당동 금호어울림
A7: 金 額(AMOUNT) : | C7: 一일금 | D7: =NUMBERSTRING(D8,1)&"원정-부가세 별도" -> 칠천구백일십칠만오천칠백일십오원정-부가세 별도
C8: ( | D8: =' 갑지-1'!L22 -> 79175715 | E8: )
A10: 貴社의 사양에 衣하여 下記內容과 같이 見積합니다.
A13: ◈ 비 고 (REMARK)
A14: 1. | B14: 부가세 별도
A15: 2. | B15: 견적외 별도
A16: 3.
A17: 4.
A18: 5.
A19: 6.
A20: 7.
G21: M.O.A.C
G22: 경기 용인시 수지구 이의동 1221 오렌지 나무 빌딩 3층

Sheet  갑지-1
A1: PROJECT: 행당동 대림아파트
A3: =TODAY() -> 46030
A4: No | B4: Description | C4: Size | D4: Spec. | E4: Unit | F4: Q'ty | G4: Material | I4: Labour | K4: Total | M4: Remark
G5: Unit Price | H5: Amount | I5: Unit Price | J5: Amount | K5: Unit Price | L5: Amount
A6: * | B6: 행당동 대림아파트
A7: A. | B7: 인테리어 공사 | E7: 식 | F7: 1 | H7: =상세!H48 -> 31939500 | J7: =상세!J48 -> 28081000 | L7: =상세!L48 -> 60000500
A8: B. | B8: 가설 공사 | E8: 식 | F8: 1 | H8: =상세!H33 -> 2510000 | J8: =상세!J33 -> 1860000 | L8: =상세!L33 -> 4370000
B10: 직접공사비 계 | H10: =상세!H10 -> 34449500 | J10: =상세!J10 -> 29941000 | L10: =상세!L10 -> 64370500
A12: * | B12: 디자인 컨설팅 | E12: 0.06 | F12: 1 | L12: =L10*E12 -> 3862230
A13: * | B13: 감리 | E13: 0 | F13: 1 | L13: =L10*E13 -> 0
A14: * | B14: 공과잡비 | E14: 0.05 | F14: 1 | L14: =L10*E14 -> 3218525
A15: * | B15: 기업이윤 | E15: 0.1 | F15: 1 | L15: =L10*E15 -> 6437050
A16: * | B16: 산재보험료 외 | E16: 0.02 | F16: 1 | L16: =L10*E16 -> 1287410
B19: 간접공사비 계 | L19: =SUM(L12:L18) -> 14805215
K21: 절사
B22: 공사비 계 | L22: =L10+L19+L20-L21 -> 79175715 | M22: VAT 별도
L23: =L22*1.1 -> 87093286
A28: * | B28: 참고사항
A29: - | B29: 부가세 별도
A30: - | B30: 견적 외 별도

Sheet 상세
A1: PROJECT: 행당동 대림아파트
B2: Description | C2: Product & Size | D2: Location & Spec. | E2: Unit | F2: Q'ty | G2: Material | I2: Labour | K2: Total | M2: Remark
G3: Unit Price | H3: Amount | I3: Unit Price | J3: Amount | K3: Unit Price | L3: Amount | O3: 물량 산출
A6: * | B6: 행당동 대림아파트
A7: A. | B7: =B15 -> 가설공사 | E7: 식 | F7: 1 | H7: =H33 -> 2510000 | J7: =J33 -> 1860000 | L7: =L33 -> 4370000
A8: B. | B8: =B35 -> 인테리어 공사 | E8: 식 | F8: 1 | H8: =H48 -> 31939500 | J8: =J48 -> 28081000 | L8: =L48 -> 60000500
B10: 직접공사비 계 | H10: =SUM(H7:H9) -> 34449500 | J10: =SUM(J7:J9) -> 29941000 | L10: =SUM(L7:L9) -> 64370500
A15: A. | B15: 가설공사
A16: 직영 | B16: 현장 정리 및 자재 양중 | E16: M2 | F16: 105 | G16: 2000 | H16: =F16*G16 -> 210000 | I16: 8000 | J16: =F16*I16 -> 840000 | K16: =G16+I16 -> 10000 | L16: =F16*K16 -> 1050000 | Q16: =93993056/1000000 -> 93.993056
A17: 직영 | B17: 소운반 | E17: 인 | F17: 4 | G17: 0 | H17: =F17*G17 -> 0 | I17: 180000 | J17: =F17*I17 -> 720000 | K17: =G17+I17 -> 180000 | L17: =F17*K17 -> 720000
A18: 사다리차 | B18: 대운반 | C18: 5TON | E18: 대 | F18: 0 | G18: 400000 | H18: =F18*G18 -> 0 | I18: 0 | J18: =F18*I18 -> 0 | K18: =G18+I18 -> 400000 | L18: =F18*K18 -> 0
A19: 허가 | B19: 공사동의서 | E19: 식 | F19: 0 | G19: 200000 | H19: =F19*G19 -> 0 | I19: 0 | J19: =F19*I19 -> 0 | K19: =G19+I19 -> 200000 | L19: =F19*K19 -> 0
A20: 허가 | B20: 공사동의서 및 행위허가 | E20: 식 | F20: 1 | G20: 800000 | H20: =F20*G20 -> 800000 | I20: 0 | J20: =F20*I20 -> 0 | K20: =G20+I20 -> 800000 | L20: =F20*K20 -> 800000
A21: 가설 | B21: 엘리베이터 보양 | E21: 개소 | F21: 0 | G21: 200000 | H21: =F21*G21 -> 0 | I21: 0 | J21: =F21*I21 -> 0 | K21: =G21+I21 -> 200000 | L21: =F21*K21 -> 0
A22: 가설 | B22: 엘리베이터 사용료 | C22: 관리사무소 고객 직접 납부 | E22: 식 | F22: 0 | G22: 0 | H22: =F22*G22 -> 0 | I22: 0 | J22: =F22*I22 -> 0 | K22: =G22+I22 -> 0 | L22: =F22*K22 -> 0
A23: 보양 | B23: 엘리베이터 및 공용부 보양 | E23: 식 | F23: 0 | G23: 200000 | H23: =F23*G23 -> 0 | I23: 0 | J23: =F23*I23 -> 0 | K23: =G23+I23 -> 200000 | L23: =F23*K23 -> 0
A24: 폐기물 | B24: 페기물 반출 | C24: 1TON | E24: 대 | F24: 3 | G24: 500000 | H24: =F24*G24 -> 1500000 | I24: 100000 | J24: =F24*I24 -> 300000 | K24: =G24+I24 -> 600000 | L24: =F24*K24 -> 1800000 | N24: 10평에 1.1대
A26: 도어락 | B26: 디지털 도어락 | C26: 별도 | E26: M2 | F26: 0 | G26: 0 | H26: =F26*G26 -> 0 | I26: 0 | J26: =F26*I26 -> 0 | K26: =G26+I26 -> 0 | L26: =F26*K26 -> 0
A27: 인터폰 | B27: 인터폰 | C27: 별도 | E27: M2 | F27: 0 | G27: 0 | H27: =F27*G27 -> 0 | I27: 0 | J27: =F27*I27 -> 0 | K27: =G27+I27 -> 0 | L27: =F27*K27 -> 0
A28: 에어컨 | B28: 에어컨 | C28: 별도 | E28: 식 | F28: 0 | G28: 0 | H28: =F28*G28 -> 0 | I28: 0 | J28: =F28*I28 -> 0 | K28: =G28+I28 -> 0 | L28: =F28*K28 -> 0
A29: 환기 | B29: 전열교환기 | C29: 별도 | E29: 식 | F29: 0 | G29: 0 | H29: =F29*G29 -> 0 | I29: 1 | J29: =F29*I29 -> 0 | K29: =G29+I29 -> 1 | L29: =F29*K29 -> 0 | O29: =(155*0.05) -> 7.75
A30: 샷시 | B30: 창호 | C30: 별도 | E30: 식 | F30: 0 | G30: 0 | H30: =F30*G30 -> 0 | I30: 0 | J30: =F30*I30 -> 0 | K30: =G30+I30 -> 0 | L30: =F30*K30 -> 0
A31: 입주청소 | B31: 입주청소 | C31: 서비스 항목 | E31: M2 | F31: 0 | G31: 0 | H31: =F31*G31 -> 0 | I31: 0 | J31: =F31*I31 -> 0 | K31: =G31+I31 -> 0 | L31: =F31*K31 -> 0
B33: 소 계 | H33: =SUM(H16:H32) -> 2510000 | J33: =SUM(J16:J32) -> 1860000 | L33: =SUM(L16:L32) -> 4370000
A35: B. | B35: 인테리어 공사
A36: 1. | B36: 철거 공사 | E36: 식 | F36: 1 | H36: =H69 -> 1363000 | J36: =J69 -> 3551000 | L36: =L69 -> 4914000 | O36: =H36+J36 -> 4914000
A37: 2. | B37: 설비 공사 | E37: 식 | F37: 1 | H37: =H85 -> 1950000 | J37: =J85 -> 2800000 | L37: =L85 -> 4750000
A38: 3. | B38: =B87 -> 필름 공사 | E38: 식 | F38: 1 | H38: =H98 -> 946000 | J38: =J98 -> 2031000 | L38: =L98 -> 2977000 | O38: =H38+J38 -> 2977000
A39: 4. | B39: =B100 -> 가구 공사 | E39: 식 | F39: 1 | H39: =H170 -> 7919500 | J39: =J170 -> 1586000 | L39: =L170 -> 9505500 | O39: =H39+J39 -> 9505500
A40: 5. | B40: =B171 -> 전기 공사 | E40: 식 | F40: 1 | H40: =H189 -> 2376000 | J40: =J189 -> 2235000 | L40: =L189 -> 4611000 | O40: =H40+J40 -> 4611000
A41: 6. | B41: =B191 -> 화장실 공사 | E41: 식 | F41: 1 | H41: =H226 -> 3362000 | J41: =J226 -> 1310000 | L41: =L226 -> 4652000 | O41: =H41+J41 -> 4672000
A42: 7. | B42: =B228 -> 타일 공사 | E42: 식 | F42: 1 | H42: =H272 -> 3182000 | J42: =J272 -> 3498000 | L42: =L272 -> 6680000 | O42: =H42+J42 -> 6680000
A43: 8. | B43: =B274 -> 도배 공사 | E43: 식 | F43: 1 | H43: =H281 -> 1716000 | J43: =J281 -> 3120000 | L43: =L281 -> 4836000 | O43: =H43+J43 -> 4836000
A44: 9. | B44: =B283 -> 도장 공사 | E44: 식 | F44: 1 | H44: =H294 -> 600000 | J44: =J294 -> 750000 | L44: =L294 -> 1350000 | O44: =H44+J44 -> 1350000
A45: 10. | B45: =B296 -> 마루 공사 | E45: 식 | F45: 1 | H45: =H306 -> 2645000 | J45: =J306 -> 575000 | L45: =L306 -> 3220000 | O45: =H45+J45 -> 3220000
A46: 11. | B46: =B308 -> 목공사 | E46: 식 | F46: 1 | H46: =H365 -> 5880000 | J46: =J365 -> 6625000 | L46: =L365 -> 12505000 | O46: =H46+J46 -> 12505000
B48: 소 계 | H48: =SUM(H36:H47) -> 31939500 | J48: =SUM(J36:J47) -> 28081000 | L48: =SUM(L36:L47) -> 60000500
A51: 1. | B51: 철거 공사 | N51: 실행 금액
A52: 철거 | B52: 마루 철거 | C52: 공용부 | E52: PY | F52: 0 | G52: 8800 | H52: =F52*G52 -> 0 | I52: 18700 | J52: =F52*I52 -> 0 | K52: =G52+I52 -> 27500 | L52: =F52*K52 -> 0 | N52: 1400000 | Q52: 68
A53: 철거 | B53: 장판철거 | C53: 방 전체 | E53: PY | F53: 26 | G53: 3000 | H53: =F53*G53 -> 78000 | I53: 8500 | J53: =F53*I53 -> 221000 | K53: =G53+I53 -> 11500 | L53: =F53*K53 -> 299000 | N53: 1400000 | Q53: 68
A54: 철거 | B54: 타일 철거 | C54: 현관 / 주방발코니 | E54: PY | F54: 3 | G54: 15000 | H54: =F54*G54 -> 45000 | I54: 40000 | J54: =F54*I54 -> 120000 | K54: =G54+I54 -> 55000 | L54: =F54*K54 -> 165000
A55: 철거 | B55: 대리석 타일 철거 | C55: 공용부 | D55: 바닥 센딩 포함 | E55: PY | F55: 0 | G55: 20000 | H55: =F55*G55 -> 0 | I55: 50000 | J55: =F55*I55 -> 0 | K55: =G55+I55 -> 70000 | L55: =F55*K55 -> 0
A56: 철거 | B56: 현관 바닥철거 | C56: 현관 확장 바닥 | D56: 철거 / 난방 배관작업 | E56: 식 | F56: 1 | G56: 50000 | H56: =F56*G56 -> 50000 | I56: 250000 | J56: =F56*I56 -> 250000 | K56: =G56+I56 -> 300000 | L56: =F56*K56 -> 300000
A57: 철거 | B57: 화장실 철거 | C57: 전체 철거 | E57: 식 | F57: 2 | G57: 50000 | H57: =F57*G57 -> 100000 | I57: 600000 | J57: =F57*I57 -> 1200000 | K57: =G57+I57 -> 650000 | L57: =F57*K57 -> 1300000
A58: 철거 | B58: 천장 철거 | C58: 거실 전체 철거 | E58: M2 | F58: 50 | G58: 5000 | H58: =F58*G58 -> 250000 | I58: 6000 | J58: =F58*I58 -> 300000 | K58: =G58+I58 -> 11000 | L58: =F58*K58 -> 550000
A59: 철거 | B59: 본 철거 | E59: M2 | F59: 105 | G59: 8000 | H59: =F59*G59 -> 840000 | I59: 12000 | J59: =F59*I59 -> 1260000 | K59: =G59+I59 -> 20000 | L59: =F59*K59 -> 2100000
A60: 철거 | B60: 가스관 철거 | E60: 식 | F60: 1 | H60: =F60*G60 -> 0 | I60: 200000 | J60: =F60*I60 -> 200000 | K60: =G60+I60 -> 200000 | L60: =F60*K60 -> 200000 | Q60: 132000
A61: 철거 | B61: 조적 벽체 철거 | C61: 안방 화장실 | E61: M | F61: 0 | G61: 15000 | H61: =F61*G61 -> 0 | I61: 60000 | J61: =F61*I61 -> 0 | K61: =G61+I61 -> 75000 | L61: =F61*K61 -> 0
A62: 철거 | B62: 화단 철거 | E62: 식 | F62: 0 | H62: =F62*G62 -> 0
A63: 설비 | B63: 확장 공사 | E63: EA | F63: 0 | G63: 300000 | H63: =F63*G63 -> 0 | I63: 500000 | J63: =F63*I63 -> 0 | K63: =G63+I63 -> 800000 | L63: =F63*K63 -> 0
A64: 설비 | B64: 분배기 교체 공사 | C64: 인쇼 멀티제어 - 분배기 5구SET | E64: 식 | F64: 0 | G64: =520000*1.1 -> 572000 | H64: =F64*G64 -> 0 | I64: 450000 | J64: =F64*I64 -> 0 | K64: =G64+I64 -> 1022000 | L64: =F64*K64 -> 0 | O64: 구당 9만원
A65: 설비 | B65: 분배기 이설 공사 | E65: 식 | F65: 0 | G65: 0 | H65: =F65*G65 -> 0 | I65: 0 | J65: =F65*I65 -> 0 | K65: =G65+I65 -> 0 | L65: =F65*K65 -> 0 | O65: 구당 10만원
A66: 설비 | B66: 구동기 및 제어기 공사 | C66: 인쇼 멀티제어 - 분배기 5구SET | E66: 식 | F66: 0 | G66: 0 | H66: =F66*G66 -> 0 | I66: 150000 | J66: =F66*I66 -> 0 | K66: =G66+I66 -> 150000 | L66: =F66*K66 -> 0
A67: 설비 | B67: 온도조절기 공사 | C67: 인쇼 온도조절기 | E67: EA | F67: 0 | G67: =74000*1.1 -> 81400 | H67: =F67*G67 -> 0 | I67: 110000 | J67: =F67*I67 -> 0 | K67: =G67+I67 -> 191400 | L67: =F67*K67 -> 0
B69: SUB-TOTAL | H69: =SUM(H52:H64) -> 1363000 | J69: =SUM(J52:J64) -> 3551000 | L69: =SUM(L52:L65) -> 4914000 | Q69: 5335000
A71: 2. | B71: 설비 공사 | N71: 실행 금액
A72: 설비 | B72: 확장 공사 | E72: 개소 | F72: 2 | G72: 450000 | H72: =F72*G72 -> 900000 | I72: 550000 | J72: =F72*I72 -> 1100000 | K72: =G72+I72 -> 1000000 | L72: =F72*K72 -> 2000000 | Q72: 1칸 65
A73: 설비 | B73: 확장 공사 | C73: 현관확장 | E73: 개소 | F73: 1 | G73: 200000 | H73: =F73*G73 -> 200000 | I73: 300000 | J73: =F73*I73 -> 300000 | K73: =G73+I73 -> 500000 | L73: =F73*K73 -> 500000 | Q73: 1칸 65
A74: 설비 | B74: 급배수 이설공사 | C74: 세탁실 | E74: 개소 | F74: 1 | G74: 150000 | H74: =F74*G74 -> 150000 | I74: 200000 | J74: =F74*I74 -> 200000 | K74: =G74+I74 -> 350000 | L74: =F74*K74 -> 350000
A75: 설비 | B75: 배관 이설 공사 | C75: 급수 / 배수 | D75: 화장실/2 | E75: 개소 | F75: 2 | G75: 150000 | H75: =F75*G75 -> 300000 | I75: 300000 | J75: =F75*I75 -> 600000 | K75: =G75+I75 -> 450000 | L75: =F75*K75 -> 900000 | Q75: =320000+250000 -> 570000
A76: 설비 | B76: 온도조절기 공사 | C76: 허니웰 DT300 | E76: EA | F76: 0 | G76: 80000 | H76: =F76*G76 -> 0 | I76: 30000 | J76: =F76*I76 -> 0 | K76: =G76+I76 -> 110000 | L76: =F76*K76 -> 0
A77: 설비 | B77: 바닥 액체방수 공사 | C77: 화장실 바닥 | D77: 화장실/2 | E77: 개소 | F77: 2 | G77: 50000 | H77: =F77*G77 -> 100000 | I77: 150000 | J77: =F77*I77 -> 300000 | K77: =G77+I77 -> 200000 | L77: =F77*K77 -> 400000 | Q77: =320000+250000 -> 570000
A78: 설비 | B78: 화장실 도막방수 공사 | C78: 아덱스 WPM / SIKA실리콘(우레탄) | D78: 화장실/2 | E78: 개소 | F78: 2 | G78: 150000 | H78: =F78*G78 -> 300000 | I78: 150000 | J78: =F78*I78 -> 300000 | K78: =G78+I78 -> 300000 | L78: =F78*K78 -> 600000 | Q78: 450000
A79: 설비 | B79: 분배기 교체 / 이설 | C79: 고객님 직결 | E79: 구 | F79: 0 | G79: 600000 | H79: =F79*G79 -> 0 | I79: 900000 | J79: =F79*I79 -> 0 | K79: =G79+I79 -> 1500000 | L79: =F79*K79 -> 0 | M79: 고객님 직결 | Q79: 450000
A80: 설비 | B80: 보일러 컨트롤러 | C80: 융 컨트롤러 | E80: 식 | F80: 0 | G80: 300000 | H80: =F80*G80 -> 0 | I80: 150000 | J80: =F80*I80 -> 0 | K80: =G80+I80 -> 450000 | L80: =F80*K80 -> 0
A81: 설비 | B81: 화장실 급,배수 이설 | C81: 서비스 항목 | E81: EA | F81: 0 | G81: 50000 | H81: =F81*G81 -> 0 | I81: 250000 | J81: =F81*I81 -> 0 | K81: =G81+I81 -> 300000 | L81: =F81*K81 -> 0
A82: 설비 | B82: 외부 발코니 급수 공사 | C82: 서비스 항목 | E82: EA | F82: 0 | G82: 50000 | H82: =F82*G82 -> 0 | I82: 250000 | J82: =F82*I82 -> 0 | K82: =G82+I82 -> 300000 | L82: =F82*K82 -> 0
B85: SUB-TOTAL | H85: =SUM(H72:H80) -> 1950000 | J85: =SUM(J72:J80) -> 2800000 | L85: =SUM(L72:L80) -> 4750000
A87: 3. | B87: 필름 공사
A88: -1 | B88: 필름 공사
A89: - | B89: 현관문 | E89: 식 | F89: 1 | G89: 50000 | H89: =F89*G89 -> 50000 | I89: 150000 | J89: =F89*I89 -> 150000 | K89: =G89+I89 -> 200000 | L89: =F89*K89 -> 200000
A90: - | B90: 걸레받이/ 천장몰딩 | D90: 영림 베이지449-3 | E90: M | G90: 2200 | H90: =F90*G90 -> 0 | I90: 6600 | J90: =F90*I90 -> 0 | K90: =G90+I90 -> 8800 | L90: =F90*K90 -> 0 | O90: =((3.3+3+3.3+0.6)+(2.1+0.4+0.7+1.4+4.3+1.9+2.4+3.2)+(2.9+2.7+2.1)+(2.3+3.6+3.9+1.3+2.2))*2+(0.8+0.7+0.7+3.3+1.9+2.5)+(2.1+2.1+0.8)*4 -> 125.1
A91: - | B91: 도어 / 도어틀 | E91: M2 | F91: 38 | G91: 11000 | H91: =F91*G91 -> 418000 | I91: 16500 | J91: =F91*I91 -> 627000 | K91: =G91+I91 -> 27500 | L91: =F91*K91 -> 1045000 | O91: =(5*7) -> 35 | Q91: 12*2.4 | R91: =12*2.4 -> 28.8
A92: - | B92: 벽체 필름 마감 | D92: 현관 파티션 | E92: M2 | F92: 20 | G92: 8500 | H92: =F92*G92 -> 170000 | I92: 16500 | J92: =F92*I92 -> 330000 | K92: =G92+I92 -> 25000 | L92: =F92*K92 -> 500000 | O92: =73+4+2 -> 79
A93: - | B93: 붙박이장 도어 | E93: M2 | F93: 0 | G93: 8800 | H93: =F93*G93 -> 0 | I93: 16500 | J93: =F93*I93 -> 0 | K93: =G93+I93 -> 25300 | L93: =F93*K93 -> 0
A94: - | B94: 제작 쇼파 | D94: 보닥 ZX165 | E94: M2 | G94: 8800 | H94: =F94*G94 -> 0 | I94: 16500 | J94: =F94*I94 -> 0 | K94: =G94+I94 -> 25300 | L94: =F94*K94 -> 0 | O94: =3.72+1.84 -> 5.56
A95: - | B95: 걸레받이 / 천정몰딩 | C95: 각 방 | D95: 화이트 | E95: M2 | F95: 140 | G95: 2200 | H95: =F95*G95 -> 308000 | I95: 6600 | J95: =F95*I95 -> 924000 | K95: =G95+I95 -> 8800 | L95: =F95*K95 -> 1232000 | Q95: 40
A96: - | B96: 천장 몰딩 | C96: 각 방 | D96: 화이트 | E96: M2 | F96: 0 | G96: 2200 | H96: =F96*G96 -> 0 | I96: 6600 | J96: =F96*I96 -> 0 | K96: =G96+I96 -> 8800 | L96: =F96*K96 -> 0
B98: SUB-TOTAL | H98: =SUM(H89:H97) -> 946000 | J98: =SUM(J89:J97) -> 2031000 | L98: =SUM(L89:L97) -> 2977000
A100: 4. | B100: 가구 공사
A101: -1 | B101: 현관 가구
A102: - | B102: 행잉 신발장 | E102: 자 | F102: 6 | G102: 120000 | H102: =F102*G102 -> 720000 | I102: 30000 | J102: =F102*I102 -> 180000 | K102: =G102+I102 -> 150000 | L102: =F102*K102 -> 900000 | O102: =2.5+21 -> 23.5
A103: - | B103: 행잉 선반 | E103: M | G103: 275000 | H103: =F103*G103 -> 0 | I103: 55000 | J103: =F103*I103 -> 0 | K103: =G103+I103 -> 330000 | L103: =F103*K103 -> 0
A104: - | B104: 행잉 선반 상판 | D104: 세라믹 / 인피니티 | E104: M | G104: 250000 | H104: =F104*G104 -> 0 | I104: 150000 | J104: =F104*I104 -> 0 | K104: =G104+I104 -> 400000 | L104: =F104*K104 -> 0
A105: - | B105: 제작 거울 | C105: 제작 | E105: 식 | F105: 0 | G105: 150000 | H105: =F105*G105 -> 0 | I105: 150000 | J105: =F105*I105 -> 0 | K105: =G105+I105 -> 300000 | L105: =F105*K105 -> 0
A106: - | B106: 가구 도어 | C106: 통신함 점검구 | E106: EA | F106: 0 | G106: 150000 | H106: =F106*G106 -> 0 | I106: 30000 | J106: =F106*I106 -> 0 | K106: =G106+I106 -> 180000 | L106: =F106*K106 -> 0
A107: -1 | B107: 세라믹
A109: -1 | B109: 주방 가구 | M109: =1.6*1.1+2.5 -> 4.26
A110: - | B110: 씽크대 상부장 | D110: 기존주방 | E110: M | F110: 2.5 | G110: 275000 | H110: =F110*G110 -> 687500 | I110: 55000 | J110: =F110*I110 -> 137500 | K110: =G110+I110 -> 330000 | L110: =F110*K110 -> 825000
A111: - | B111: 싱크대 인조대리석 | C111: 상판, 미드웨이 포함 | D111: 세라믹 / 인피니티 | E111: M | G111: 250000 | H111: =F111*G111 -> 0 | I111: 150000 | J111: =F111*I111 -> 0 | K111: =G111+I111 -> 400000 | L111: =F111*K111 -> 0
A112: - | B112: 싱크 수전 | C112: ST-9022NB | E112: SET | G112: 190000 | H112: =F112*G112 -> 0 | I112: 50000 | J112: =F112*I112 -> 0 | K112: =G112+I112 -> 240000 | L112: =F112*K112 -> 0
A113: - | B113: 씽크대 하부장 | D113: 기존주방 | E113: M | F113: 2.5 | G113: 275000 | H113: =F113*G113 -> 687500 | I113: 55000 | J113: =F113*I113 -> 137500 | K113: =G113+I113 -> 330000 | L113: =F113*K113 -> 825000
A114: - | B114: 붙박이 장 EP | C114: 좌우측면 | D114: 장 측면마감판넬 / 반장 | E114: 식 | F114: 3 | G114: 85000 | H114: =F114*G114 -> 255000 | I114: 20000 | J114: =F114*I114 -> 60000 | K114: =G114+I114 -> 105000 | L114: =F114*K114 -> 315000
A115: - | B115: 주방 하부장 상판 | C115: 인조석 lx | E115: M | F115: 2.5 | G115: 225000 | H115: =F115*G115 -> 562500 | I115: 80000 | J115: =F115*I115 -> 200000 | K115: =G115+I115 -> 305000 | L115: =F115*K115 -> 762500
A116: - | B116: 아일랜드 인조대리석 | E116: M | G116: 225000 | H116: =F116*G116 -> 0 | I116: 33000 | J116: =F116*I116 -> 0 | K116: =G116+I116 -> 258000 | L116: =F116*K116 -> 0
A117: - | B117: 아일랜드 후드 | C117: 하츠 스퀘어 SIH-30S 750 | D117: 자동댐퍼 포함 | E117: SET | G117: 500000 | H117: =F117*G117 -> 0 | I117: 80000 | J117: =F117*I117 -> 0 | K117: =G117+I117 -> 580000 | L117: =F117*K117 -> 0
A118: - | B118: 싱크볼 | C118: 백조 GD800 ( 사각 확인) >> QUIET 800 엠보 | D118: 스텐배수구 | E118: SET | F118: 1 | G118: 232000 | H118: =F118*G118 -> 232000 | I118: 50000 | J118: =F118*I118 -> 50000 | K118: =G118+I118 -> 282000 | L118: =F118*K118 -> 282000
A119: - | B119: 싱크 수전 | C119: 루미노바lv18000 >> 필로토 슈티에 싱크 8026 | E119: SET | F119: 1 | G119: 310000 | H119: =F119*G119 -> 310000 | I119: 50000 | J119: =F119*I119 -> 50000 | K119: =G119+I119 -> 360000 | L119: =F119*K119 -> 360000
A120: - | B120: 서랍재 / 인덕션 | C120: BLUM | E120: SET | F120: 2 | G120: 165000 | H120: =F120*G120 -> 330000 | I120: 40000 | J120: =F120*I120 -> 80000 | K120: =G120+I120 -> 205000 | L120: =F120*K120 -> 410000
A121: - | B121: 아일랜드 서랍 | D121: BLUM | E121: SET | G121: 100000 | H121: =F121*G121 -> 0 | I121: 40000 | J121: =F121*I121 -> 0 | K121: =G121+I121 -> 140000 | L121: =F121*K121 -> 0
...
